,2019,2020,2021,2022,2023,2024,2025,2026,2027,2028,2029,2030,2031,2032,2033,2034,2035,2036,2037,2038
0,0.012061406575588874,0.01148978908599596,0.010945261849298567,0.010426540996799018,0.009932403505257169,0.009461684313285826,0.00901327357440672,0.008586114040290364,0.008179198568010165,0.007791567745433426,0.0074223076291504856,0.007070547589608482,0.006735458258369195,0.0064162495726509715,0.006112168912544267,0.005822499326508791,0.005546557840968338,0.005283693850017812,0.005033287581445671,0.004794748635455058
1,0.0007351430845180111,0.0006812453798540285,0.0006312992359531455,0.0005850149404322137,0.0005421240214431494,0.0005023776904031844,0.00046554539889781397,0.0004314135013857509,0.0003997840159489271,0.00037047347589926646,0.0003433118655809848,0.000318141634195544,0.00029481678192895376,0.0002732020130805046,0.00025317195128066736,0.00023461041224602318,0.000217409729852851,0.00020147013162025921,0.00018669915998036137,0.00017301113597856753
2,0.0004821228527149683,0.00045190683158150387,0.0004235845351034806,0.0003970372781285816,0.000372153813843185,0.0003488298675903546,0.00032696769990479753,0.00030647569693366975,0.0002872679865268869,0.0002692640783881541,0.0002523885267787608,0.00023657061436069978,0.00022174405585424062,0.00020784672026813198,0.00019482037053843734,0.0001826104194849474,0.00017116570106250382,0.0001604382559486614,0.0001503831305691829,0.00014095818871918218
3,0.0003627790884147729,0.00034073268329558396,0.0003200260576570792,0.000300577791918735,0.00028231141443973545,0.0002651551008283137,0.0002490413915243288,0.00023390692654459819,0.00021969219634799267,0.00020634130784067447,0.00019380176460140802,0.00018202426046277014,0.00017096248563661226,0.0001605729446214507,0.00015081478517578242,0.00014164963768484645,0.00013304146428920694,0.00012495641718192587,0.00011736270551714138,0.00011023047040672987
4,0.0002989404672485701,0.00028221107025957527,0.0002664178888528707,0.0002515085302484247,0.00023743353368683168,0.0002241462063466892,0.00021160246844440973,0.00019976070700260975,0.00018858163780195128,0.0001780281750584797,0.0001680653083941177,0.0001586599866921708,0.00014978100845255054,0.00014139891828296756,0.00013348590918271994,0.00012601573029490223,0.00011896359982101547,0.00011230612280907639,0.00010602121354249119,0.00010008802227222877
5,0.00026931860341096534,0.00025810204477945306,0.00024735263244211,0.00023705091072921347,0.00022717823425914325,0.00021771673419157214,0.00020864928588613615,0.00019995947790806006,0.00019163158232462807,0.00018365052623874853,0.000176001864508086,0.00016867175360038192,0.0001616469265376494,0.00015491466888389014,0.00014846279573286995,0.0001422796296543097,0.00013635397955856745,0.00013067512044156535,0.00012523277397329658,0.00012001708989478201
6,0.00024663853569365673,0.0002385811221429768,0.00023078693555698873,0.00022324737659615193,0.00021595412685202509,0.0002088991396695517,0.00020207463126917152,0.0001954730721589633,0.0001890871788273432,0.00018290990570715392,0.00017693443740227817,0.0001711541811682005,0.00016556275963822077,0.00016015400378729448,0.0001549219461257364,0.00014986081411528019,0.00014496502380022505,0.00014022917364664902,0.0001356480385828869,0.00013121656423469965
7,0.000232972207955601,0.0002274924032019824,0.00022214149047544804,0.00021691643807041926,0.0002118142855909148,0.00020683214227325904,0.00020196718534824194,0.00019721665844179968,0.0001925778700133185,0.0001880481918306666,0.0001836250574810985,0.00017930596091718484,0.000175088455036941,0.00017097015029735556,0.00016694871336053055,0.00016302186577166322,0.0001591873826681265,0.00015544309151891293,0.0001517868708937264,0.00014821664926102887
8,0.00022670102637321448,0.00022309024871007948,0.00021953698166143643,0.00021604030922771705,0.00021259932999892473,0.00020921315692225886,0.0002058809170734405,0.0002026017514316819,0.00019937481465823683,0.00019619927487848126,0.00019307431346746344,0.00018999912483886968,0.00018697291623735285,0.00018399490753416537,0.00018106433102605044,0.00017818043123733507,0.00017534246472517516,0.00017254969988790266,0.0001698014167764265,0.0001670969069086345
9,0.00022455605172360432,0.00022182187732129596,0.00021912099398197586,0.00021645299635663813,0.00021381748403177046,0.0002112140614692597,0.00020864233794702945,0.00020610192750040022,0.00020359244886416407,0.00020111352541536405,0.0001986647851167707,0.00019624586046104622,0.00019385638841559036,0.00019149601036805427,0.0001891643720725213,0.0001868611235963415,0.00018458591926761344,0.000182338417623306,0.00018011828135801122,0.00017792517727332173
10,0.00022721295844191968,0.00022444590578227428,0.00022171255093843059,0.00021901248353048929,0.00021634529817625474,0.00021371059443037042,0.0002111079767241975,0.00020853705430642363,0.0002059974411843987,0.00020348875606618144,0.00020101062230329223,0.00019856266783416595,0.0001961445251282904,0.000193755831131025,0.00019139622720909484,0.00018906535909674497,0.00018676287684255086,0.00018448843475687946,0.00018224169135998706,0.00018002230933074936
11,0.00023669593045108753,0.00023314552379677508,0.0002296483727577445,0.00022620367850703492,0.0002228106541999804,0.000219468524794478,0.0002161765268739495,0.00021293390847296217,0.00020973992890546182,0.00020659385859558442,0.00020349497891100317,0.00020044258199877917,0.00019743597062367072,0.00019447445800886988,0.00019155736767912607,0.0001886840333062262,0.0001858537985567891,0.00018306601694234505,0.00018032005167166218,0.00017761527550529116
12,0.00026190713072288507,0.0002568054951247594,0.0002518032332462577,0.00024689840940695783,0.0002420891256311608,0.00023737352091344962,0.00023274977049855244,0.00022821608517523327,0.00022377071058393697,0.00021941192653792045,0.00021513804635760748,0.00021094741621790903,0.00020683841450825887,0.00020280945120511123,0.0001988589672566652,0.00019498543397957198,0.00019118735246739408,0.0001874632530105868,0.00018381169452777812,0.00018023126400812611
13,0.00030817161408500023,0.0003003325209837126,0.00029269283424512035,0.00028524748148432266,0.00027799151934484193,0.0002709201302164729,0.0002640286190366206,0.0002573124101730048,0.00025076704438565964,0.0002443881758662129,0.0002381715693524777,0.00023211309731644274,0.00022620873722379008,0.00022045456886312826,0.00021484677174315854,0.00020938162255605276,0.0002040554927053559,0.00019886484589677216,0.00019380623579023576,0.0001888763037117066
14,0.0004053650892390191,0.00039493965679332325,0.0003847823521281519,0.00037488627936584556,0.0003652447199812327,0.0003558511282403658,0.0003466991267565695,0.00033778250216078167,0.0003290952008832439,0.0003206313250436845,0.00031238512844719893,0.00030435101268311,0.00029652352332416333,0.00028889734622346833,0.0002814673039066825,0.0002742283520569809,0.00026717557609042794,0.0002603041878194256,0.00025360952220197526,0.00024708703417453956
15,0.0007027222118638607,0.0006951053772509061,0.0006875711018178688,0.000680118490702443,0.0006727466587417701,0.0006654547303673095,0.0006582418395008435,0.0006511071294516096,0.0006440497528145535,0.0006370688713696774,0.0006301636559824852,0.0006233332865055015,0.0006165769516808645,0.0006098938490439689,0.0006032831848281549,0.0005967441738704327,0.0005902760395182266,0.0005838780135371278,0.0005775493360196534,0.0005712892552949877
16,0.0008758011908035274,0.0008667674894566687,0.0008578269688006797,0.000848978667696731,0.0008402216349199318,0.0008315549290570726,0.000822977618405419,0.0008144887808725501,0.0008060875038772323,0.0007977728842513093,0.0007895440281426115,0.0007814000509188618,0.0007733400770725773,0.0007653632401269449,0.0007574686825426747,0.0007496555556258101,0.0007419230194364904,0.000734270242698656,0.0007266964027106796,0.0007192006852569252
17,0.0010305402975299,0.0010200803825041345,0.0010097266349155946,0.0009994779771719,0.0009893333426181615,0.000979291675425965,0.0009693519304834838,0.0009595130732867087,0.0009497740798317741,0.0009401339365083865,0.0009305916399943283,0.0009211461971510358,0.000911796624920235,0.0009025419502216268,0.0008933812098516144,0.0008843134503830506,0.0008753377280660107,0.0008664531087295686,0.0008576586676845705,0.0008489534896273956
18,0.0011513323588645099,0.0011390889781459038,0.0011269757947332854,0.001114991424095791,0.001103134496425791,0.0010914036564823285,0.0010797975634362072,0.0010683148907167405,0.0010569543258601242,0.0010457145703594226,0.001034594339516148,0.0010235923622934253,0.0010127073811707064,0.0010019381520000401,0.000991283443863867,0.0009807420389343245,0.0009703127323340493,0.000959994331998465,0.000949785658539523,0.0009396855451109037
19,0.0012428155503972772,0.0012284974178235549,0.0012143442404761598,0.001200354117951771,0.0011865251717410859,0.0011728555449765858,0.0011593434021832068,0.0011459869290318826,0.0011327843320959284,0.0011197338386102296,0.0011068336962332056,0.0010940821728115167,0.00108147755614748,0.0010690181537691666,0.001056702292703146,0.0010445283192498502,0.0010324945987615233,0.0010205995154227334,0.0010088414720334081,0.0009972188897943736
20,0.0013331720095173904,0.001316647851306127,0.0013003285037289326,0.0012842114282361693,0.0012682941177425528,0.0012525740962371673,0.0012370489183983044,0.0012217161692130844,0.0012065734636017942,0.0011916184460468696,0.001176848790226489,0.001162262198652701,0.001147856402314043,0.001133629160322581,0.0011195782595653314,0.001105701514360004,0.0010919967661150037,0.0010784618829936554,0.0010650947595825845,0.001051893316564215
21,0.0014227167795436307,0.0014037411197017553,0.0013850185500543669,0.0013665456949799018,0.0013483192238795637,0.0013303358505768273,0.00131259233272495,0.0012950854712223871,0.0012778121096360046,0.0012607691336319823,0.0012439534704143103,0.0012273620881707733,0.0012109919955263235,0.0011948402410037456,0.0011789039124915138,0.0011631801367187485,0.0011476660787371714,0.0011323589414099786,0.0011172559649075195,0.0011023544262097106
22,0.0014822308762328575,0.0014609828600671373,0.001440039437604205,0.0014193962424447215,0.0013990489707823748,0.0013789933805066071,0.0013592252903181913,0.001339740578857492,0.0013205351838452217,0.0013016051012355162,0.0012829463843811444,0.0012645551432106962,0.0012464275434175554,0.0012285598056605038,0.0012109482047757791,0.0011935890690004402,0.001176478779206852,0.0011596137681481517,0.0011429905197145307,0.001126605568200173
23,0.001505045856252983,0.001481696062194353,0.001458708524794092,0.001436077623879014,0.0014137978264692087,0.0013918636854253056,0.0013702698381167053,0.0013490110051104908,0.0013280819888806608,0.0013074776725374073,0.0012871930185760895,0.0012672230676456337,0.0012475629373360235,0.001228207820984619,0.0012091529865009775,0.0011903937752099233,0.0011719256007125503,0.001153743947764911,0.0011358443711740878,0.0011182224947113998
24,0.0015008611032437708,0.001475436738851418,0.0014504430594194245,0.0014258727692084674,0.0014017186960679623,0.001377973789342495,0.0013546311178137063,0.001331683867677048,0.0013091253405528107,0.0012869489515308404,0.001265148227248387,0.0012437168040005037,0.001222648425882462,0.0012019369429636315,0.001181576309492291,0.0011615605821308603,0.0011418839182210144,0.0011225405740781932,0.001103524903315002,0.001084831355193008
25,0.001484157395451789,0.0014566175473823967,0.001429588725457541,0.0014030614471368787,0.001377026405836957,0.0013514744676661752,0.0013263966682203413,0.0013017842094376819,0.0012776284565122072,0.0012539209348643638,0.0012306533271678884,0.0012078174704318308,0.0011854053531367332,0.00116340911242394,0.0011418210313370615,0.0011206335361146368,0.0010998391935330212,0.0010794307082985805,0.0010594009204882855,0.001039742803037783
26,0.0014727592059153819,0.0014433138768066842,0.0014144572572459132,0.0013861775769814769,0.001358463301088054,0.0013313031252616442,0.0013046859712086826,0.0012786009821273458,0.0012530375182791985,0.0012279851526493764,0.0012034336666935433,0.0011793730461698685,0.0011557934770543492,0.001132685341537791,0.0011100392141028255,0.0010878458576793614,0.0010660962198768985,0.0010447814292921722,0.0010238927918906206,0.0010034217874601956
27,0.001472658727397844,0.0014412816210074507,0.0014105730488722231,0.0013805187669109916,0.001351104834533162,0.0013223176081724216,0.0012941437349582063,0.0012665701465220075,0.001239584052935656,0.0012131729367787425,0.0011873245473324559,0.0011620268948971202,0.0011372682452308047,0.001113037114106437,0.0010893222619848709,0.001066112688801464,0.001043397628863729,0.0010211665458576954,0.0009994091279606771,0.000978115283058157
28,0.0014935961111646754,0.0014605541718992379,0.0014282431998224935,0.0013966470241816695,0.001365749831959952,0.0013355361599624968,0.0013059908870775361,0.0012770992267086678,0.00124884671937458,0.00122121922547247,0.0011942029182015702,0.001167784276643207,0.0011419500789939573,0.0011166873959485007,0.001091983584228852,0.0010678262802567568,0.0010442033939660523,0.0010211031027519254,0.0009985138455540275,0.0009764243170704747
29,0.0015312844590087333,0.0014965649718675707,0.0014626326949539093,0.001429469779503457,0.0013970587814448215,0.0013653826522237221,0.0013344247298352607,0.001304168730059519,0.0012745987378958675,0.0012456991991915013,0.0012174549124597705,0.0011898510208840298,0.0011628730045027855,0.001136506672572024,0.0011107381561007254,0.0010855539005556112,0.001060940658731307,0.0010368854837821645,0.0010133757224120676,0.000990399008218658
30,0.0015750799140795137,0.0015386935509000676,0.001503147759309143,0.001468423121026547,0.0014345006663592274,0.0014013618638383366,0.0013689886100956864,0.0013373632199740826,0.0013064684168661088,0.0012762873232761065,0.0012468034516001825,0.0012180006951192047,0.0011898633191998848,0.0011623759526991125,0.0011355235795668692,0.0011092915306431233,0.001083665475644223,0.0010586314153344248,0.0010341756738782583,0.0010102848913695673
31,0.0016188756600198804,0.0015805712698055054,0.0015431732038666312,0.001506660017567599,0.0014710107736765645,0.0014362050303597712,0.001402222829459873,0.0013690446850516261,0.0013366515722683446,0.0013050249163927491,0.0012741465822059372,0.001243998863588356,0.0012145644733668477,0.0011858265334019026,0.0011577685649094812,0.0011303744790118126,0.001103628567511785,0.0010775154938856217,0.0010520202844886725,0.0010271283199692993
32,0.0016671112584862504,0.001626950707789013,0.001587757620915258,0.0015495086917540503,0.001512181175636438,0.0014757528758103686,0.0014402021302414188,0.0014055077987315061,0.0013716492503478952,0.0013386063511550464,0.001306359452242002,0.0012748893780381856,0.0012441774149106843,0.0012142053000362117,0.0011849552105411435,0.0011564097529031788,0.0011285519526083036,0.0011013652440569233,0.0010748334607131496,0.0010489408254913991
33,0.001719285733071441,0.0016770709121498996,0.0016358926211495677,0.001595725409428844,0.0015565444512534682,0.0015183255304527371,0.0014810450254524646,0.0014446798946754398,0.0014092076623003567,0.001374606404370415,0.0013408547352430063,0.0013079317943721113,0.0012758172334152355,0.0012444912036569215,0.0012139343437410556,0.001184127767704396,0.0011550530533039197,0.001126692230630776,0.0010990277710038118,0.001072042576135799
34,0.0017769519708240068,0.0017326056576081987,0.0016893660684502855,0.0016472055835088078,0.0016060972722339462,0.001566014876165293,0.001526932792158916,0.0014888260560330278,0.001451670326621793,0.0014154418702270982,0.0013801175454583468,0.0013456747884506,0.0013120915984516177,0.001279346523768601,0.0012474186480656417,0.0012162875770031487,0.001185933425210703,0.0011563368035850197,0.0011274788069049134,0.001099341001755343
35,0.001845366471071347,0.0017987167788038384,0.0017532463611263734,0.0017089254067263557,0.0016657248579022357,0.001623616391512704,0.0015825724004074695,0.0015425659753274688,0.0015035708872626148,0.0014655615702555355,0.0014285131046400225,0.0013924012007032005,0.0013572021827607094,0.0013228929736344478,0.0012894510795227224,0.001256854575252858,0.0012250820899066183,0.0011941127928090064,0.0011639263798712577,0.0011345030602790756
36,0.0019260433975060588,0.0018769639237794387,0.0018291350941163954,0.0017825250395816096,0.0017371027033245613,0.001692837819885978,0.0016497008950315845,0.0016076631860997277,0.0015666966828497989,0.0015267740887986618,0.0014878688030326684,0.0014499549024831523,0.0014130071246535605,0.001377000850786752,0.0013419120894612134,0.0013077174606052776,0.0012743941799187037,0.0012419200436912094,0.001210273414007875,0.0011794332043315312
37,0.0020194568624791686,0.0019674928497260707,0.0019168659581918397,0.001867541781504462,0.0018194867986255994,0.0017726683510694563,0.0017270546207078684,0.0016826146081464779,0.0016393181116573523,0.0015971357066536774,0.0015560387256926228,0.001515999238992748,0.001476990035452746,0.0014389846041585896,0.0014019571163665459,0.0013658824079497826,0.0013307359622966686,0.0012964938936491123,0.0012631329308696517,0.0012306304016262257
38,0.0021256374085309097,0.0020702379406280728,0.0020162823224766564,0.0019637329237133447,0.001912553094716925,0.001862707141047682,0.0018141602985529519,0.001766878709121504,0.001720829397069814,0.0016759802461437797,0.001632299977119816,0.0015897581259897364,0.001548325022714182,0.0015079717705297957,0.0014686702257956977,0.001430392978365217,0.001393113332469187,0.001356805288097461,0.0013214435228656833,0.0012870033743546515
39,0.002248396507505587,0.0021892583938975395,0.0021316757516974256,0.002075607668350661,0.0020210143073990223,0.0019678568801767904,0.0019160976182513313,0.0018656997465885748,0.0018166274574243013,0.0017688458848226607,0.0017223210799038797,0.0016770199867235283,0.0016329104187862208,0.0015899610361770678,0.0015481413232946097,0.001507421567169442,0.0014677728363531022,0.001429166960362238,0.0013915765096634272,0.0013549747761844586
40,0.0023844065730450476,0.002321175341578761,0.002259620916693171,0.0021996988317498187,0.002141365799305244,0.0020845796798403295,0.00202929945131891,0.0019754851795536327,0.0019230979893576868,0.0018721000364615333,0.0018224544801743899,0.0017741254567706683,0.0017270780535821929,0.0016812782837774415,0.0016366930618096074,0.0015932901795157593,0.0015510382828498046,0.001509906849232465,0.0014698661655019101,0.0014308873064491012
41,0.002538522309963949,0.00247114157960703,0.0024055493554238053,0.002341698164578697,0.002279541794321305,0.0022190352585395993,0.002160134765200905,0.0021027976846571157,0.0020469825187911725,0.001992648870982517,0.0019397574168697504,0.001888269875889348,0.0018381489835698312,0.0017893584645613445,0.0017418630063811124,0.0016956282338557822,0.0016506206842421497,0.0016068077830082607,0.0015641578202573642,0.0015226399277776543
42,0.0027169451507646535,0.002645306746327612,0.0025755572504645376,0.002507646857828306,0.0024415270763024173,0.002377150692374713,0.0023144717374240743,0.0022534454548960576,0.002194028268344011,0.0021361777503128704,0.0020798525920433875,0.0020250125739751904,0.001971618537027591,0.0019196323546376373,0.0018690169055354503,0.0018197360472373967,0.0017717545902381758,0.0017250382728833885,0.0016795537369046565,0.0016352685035997967
43,0.002922420135203991,0.0028465409834771494,0.00277263199531352,0.0027006420164187145,0.002630521220693559,0.002562221075748195,0.0024956943093115665,0.0024308948765130894,0.002367777928013806,0.002306299778965024,0.0022464178787729243,0.0021880907816481973,0.002131278117920366,0.002075940566096903,0.0020220398256478307,0.001969538590496938,0.0019184005232013009,0.0018685902298012083,0.0018200732353231084,0.0017728159599185896
44,0.003154237080693459,0.003074033470051071,0.0029958692175785047,0.0029196924679825748,0.0028454526845081776,0.0027731006154115014,0.0027025882612856846,0.0026338688432173407,0.00256689677175273,0.0025016276166530764,0.002438018077418892,0.002376025954563807,0.0023156101216188245,0.002256730497848418,0.002199348021660406,0.0021434246246919138,0.00208892320655428,0.0020358076102201276,0.0019840425980362578,0.0019335938283464953
45,0.0034078414735950234,0.0033229644006895096,0.0032402013103623602,0.0031594995509116623,0.003080807782000015,0.003004075941993139,0.002929255216111991,0.002856298005378092,0.0027851578963322917,0.0027157896315077594,0.0026481490806383665,0.002582193212584182,0.002517880067956177,0.0024551687324227737,0.00239401931068123,0.002334392901077282,0.002276251570856944,0.0022195583320346853,0.0021642771178626507,0.002110372759885935
46,0.0036814448724113284,0.0035916565318650944,0.0035040580777296174,0.003418596099924449,0.003335218491010535,0.0032538744144195403,0.0031745142734580334,0.0030970896810676427,0.0030215534303227615,0.0029478594656477527,0.002875962854736221,0.002805819761155073,0.002737387417616835,0.002670624099903763,0.0026054891014279944,0.002541942708412122,0.002479946175675118,0.002419461703008819,0.0023604524121305782,0.002302882324198027
47,0.003976688413212811,0.0038823561063446527,0.003790261486515159,0.003700351472829262,0.0036125742435408953,0.0035268792061843236,0.0034432169684139985,0.003361539309536102,0.0032817991527154273,0.00320395053784155,0.003127948595038621,0.003053749518803573,0.0029813105427577867,0.002910589914997692,0.002841546874030068,0.0027741416252782024,0.0027083353181453656,0.0026440900236223397,0.0025813687124261538,0.002520135233657392
48,0.0042937090573232795,0.0041954640808175726,0.004099467061795655,0.004005666564417965,0.003914012329755811,0.0038244552488623028,0.003736947336459448,0.003651441705227326,0.0035678925406815473,0.003486255076625552,0.003406485571164582,0.0033285412832684863,0.003252380449870791,0.0031779622634917726,0.003105246850373537,0.0030341952491154066,0.0029647693897981264,0.0028969320735857595,0.0028306469527943014,0.002765878511416352
49,0.004633863215737241,0.004531913670454511,0.00443220711537228,0.004334694202501542,0.004239326669557561,0.004146057316073289,0.004054839980038358,0.003965629515051989,0.0038783817679785963,0.003793053557094982,0.0037096026507182885,0.003627987746304203,0.0035481684500049734,0.0034701052566772,0.0033937595303294775,0.003319093485000175,0.0032460701660559583,0.003174653431901756,0.003104807936093104,0.003036499109842056
50,0.005000939619945891,0.004895469647818317,0.004792224040683317,0.0046911558866140155,0.004592219263057532,0.004495369215969055,0.004400561739385976,0.004307753755432805,0.00421690309474779,0.004127968477322326,0.004040909493744475,0.003955686586838054,0.003872261033688954,0.0037905949280505327,0.003710651163120065,0.003632393414678451,0.003555786124585501,0.0034807944846233074,0.003407384420680362,0.0033355225772692273
51,0.005394872487818994,0.005285152384239917,0.005177663751591174,0.0050723612065532876,0.004969200288805908,0.004868137442255964,0.004769129996647658,0.004672136149546407,0.004577114948689257,0.004484026274694192,0.004392830824121156,0.004303490092877517,0.004215966359961094,0.004130222671533744,0.004046222825318932,0.003963931355316553,0.0038833135168286786,0.0038043352717898,0.0037269632743954662,0.0036511648570231614
52,0.005811928010926041,0.0056961868158095525,0.0055827505398561685,0.005471573281929806,0.005362610054989023,0.0052558167678833844,0.005151150207512276,0.005048568021339081,0.004948028700253514,0.004849491561775301,0.004752916733592292,0.004658265137426444,0.0045654984732211,0.004474579203643135,0.004385470538893768,0.00429813642182186,0.004212541513333631,0.0041286511780929906,0.004046431470506585,0.003965849120987978
53,0.006251279527435386,0.00612708785965015,0.006005363458010923,0.005886057306328906,0.005769121362200304,0.005654508537660516,0.0055421726802227,0.0054320685542929795,0.005324151822954915,0.00521837903011584,0.00511470758300788,0.0050130957350366274,0.0049135025689705635,0.0048158879804644185,0.0047202126619098955,0.004626438086607217,0.004534526493251128,0.004444440870725105,0.004356144943197659,0.0042696031555147325
54,0.006716922824421538,0.006582298645578832,0.006450372676914027,0.00632109083944796,0.006194400138081427,0.006070248639871504,0.005948585452743227,0.005829360704627978,0.005712525523019938,0.005598032014942326,0.005485833247315173,0.0053758832277165155,0.005268136885529244,0.00516255005346579,0.005059079449463122,0.004957682658940575,0.00485831811741332,0.004760945093454277,0.004665523671997541,0.004572014737976408
55,0.0072235392228983146,0.007077664006400521,0.006934734655929283,0.006794691681415946,0.006657476794159527,0.0065230328825658076,0.006391303988376357,0.006262235283377539,0.006135773046579952,0.006011864641858637,0.005890458496044878,0.005771504077460431,0.00565495187488519,0.00554075337694964,0.005428861051943462,0.005319228328031852,0.005211809573871402,0.005106560079617432,0.005003436038314823,0.0049023945276646975
56,0.007770653941534966,0.007613329015975919,0.007459189296242325,0.007308170294548073,0.007160208828728955,0.0070152429958090425,0.006873212146102174,0.00673405685783779,0.006597718912300552,0.006464141269473219,0.006333268044172679,0.0062050444826691606,0.006079416939778784,0.005956332856419877,0.005835740737623751,0.005717590130990617,0.0056018316055816775,0.005488416731238635,0.005377298058321829,0.005268429097858615
57,0.008345599126081972,0.008176199011749647,0.008010237404144313,0.007847644507985375,0.007688351944706425,0.0075322927236985355,0.007379401214137363,0.007229613117382002,0.007082865439934194,0.006939096466946311,0.006798245736267183,0.0066602540130146475,0.006525063264664297,0.006392616636643869,0.006262858428422976,0.0061357340700882515,0.006011190099393883,0.005889174139278056,0.00576963487583574,0.005652522036738562
58,0.008946887607466881,0.008764926318746372,0.008586665748314227,0.008412030631173432,0.008240947233062198,0.008073343319321935,0.007909148124398406,0.00774829232196318,0.0075907079956427075,0.007436328610342787,0.0072850889841561475,0.0071369252608414315,0.006991774882861849,0.006849576564972234,0.00671027026834323,0.006573797175211763,0.006440099664047045,0.006309121285221707,0.0061808067371776675,0.006055101843076775
59,0.009587269661026906,0.009392326210394472,0.009201346656709576,0.009014250399782976,0.008830958478315297,0.008651393536572533,0.008475479791739174,0.008303143001935128,0.008134310434883047,0.00796891083721265,0.007806874404389297,0.007648132751253967,0.007492618883162287,0.007340267167710395,0.00719101330703573,0.007044794310681022,0.006901548469010106,0.006761215327164209,0.0066237356595478655,0.0064890514448336005
60,0.010279171082484748,0.0100703598912298,0.009865790492746216,0.009665376719210297,0.009469034153212428,0.009276680092199162,0.009088233513637595,0.008903615040887448,0.008722746909766337,0.00854555293579432,0.00837195848210379,0.008201890428001271,0.008035277138167835,0.00787204843248519,0.007712135556474711,0.007555471152336994,0.0074019892305796885,0.007251625142221697,0.007104315551562018,0.006959998409501753
61,0.011046160468928576,0.010822981313173597,0.010604311320190934,0.010390059385823306,0.010180136246602692,0.009974454442560622,0.009772928280789853,0.00957547379974227,0.009382008734248097,0.009192452481241897,0.009006726066181017,0.008824752110142551,0.008646454797585077,0.008471759844761728,0.008300594468771474,0.008132887357235682,0.00796856863858735,0.007807569852960618,0.00764982392366843,0.007495265129256479
62,0.011910367107780866,0.01167331647732087,0.011440983837573741,0.011213275286927329,0.010990098792682151,0.010771364153854678,0.010556982964720936,0.010346868579085613,0.0101409360752624,0.009939102221751274,0.00974128544359896,0.009547405789428825,0.009357384899127049,0.009171145972171908,0.008988613736593388,0.008809714418550633,0.008634375712514809,0.00846252675204549,0.00829409808114865,0.008129021626204706
63,0.012891357932454354,0.012641403325865228,0.012396295168011964,0.012155939489570798,0.011920244143218852,0.011689118768306762,0.011462474756216309,0.011240225216389729,0.011022284943017704,0.010808570382373232,0.010598999600778891,0.010393492253195186,0.010191969552417938,0.009994354238872924,0.00980057055099621,0.009610544196188706,0.009424202322333972,0.009241473489868242,0.009062287644391997,0.008886576089812569
64,0.013990734510571394,0.013728438967943934,0.01347106089063114,0.013218508086959124,0.012970690093645446,0.012727518143395466,0.012488905133106399,0.012254765592667274,0.012025015654344018,0.011799573022738322,0.01157835694530988,0.011361288183451113,0.01114828898410433,0.010939283051910859,0.010734195521882458,0.01053295293258495,0.01033548319982473,0.01014171559082846,0.009951580698906982,0.009765010418594077
65,0.015183515673127678,0.014909423131817843,0.01464027850394379,0.014375992469864617,0.014116477322335891,0.013861646937402737,0.013611416745818264,0.013365703704978082,0.013124426271361334,0.012887504373469291,0.012654859385252386,0.012426414100017066,0.012202092704803566,0.011981820755226223,0.011765525150768065,0.011553134110521281,0.011344577149365667,0.011139785054577073,0.010938689862858175,0.010741224837783817
66,0.016481013104580597,0.016194240950915668,0.015912458676671105,0.015635579457180335,0.015363517978539269,0.015096190411318836,0.014833514384734839,0.01457540896126739,0.014321794611721846,0.014072593190723704,0.013827727912639988,0.013587123327919504,0.013350705299844775,0.013118400981688606,0.012890138794268015,0.01266584840388874,0.012445460700673617,0.012228907777267914,0.012016122907915297,0.011807040527897782
67,0.017931494500923788,0.01762931274048514,0.01733222335069841,0.01704014051487231,0.016752979862499427,0.016470658444885142,0.01619309471118728,0.015920208484859394,0.015651920940491157,0.01538815458103905,0.015128833215440611,0.014873881936606098,0.014623227099780929,0.014376796301272846,0.014134518357537445,0.013896323284616275,0.01366214227792139,0.013431907692360611,0.013205553022797634,0.012983012884841518
68,0.019558739776088005,0.019237043304792457,0.01892063800362487,0.018609436844955744,0.018303354232560704,0.018002305978077258,0.017706209277848623,0.01741498269014852,0.01712854611278053,0.01684682076104588,0.01656972914607369,0.016297195053507473,0.016029143522542363,0.015765500825307033,0.015506194446584777,0.01525115306386811,0.015000306527741425,0.014753585842586361,0.014510923147604422,0.014272251698151817
69,0.02136208996565878,0.021017433713428867,0.020678338149895243,0.020344713558830278,0.02001647167148921,0.01969352564325639,0.019375790030668395,0.01906318076880782,0.018755615149061773,0.01845301179723927,0.018155290652041627,0.01786237294388027,0.017574181174036235,0.01729063909415594,0.017011671686077805,0.016737205141984283,0.01646716684487417,0.016201485349349957,0.015940090362715157,0.01568291272637661
70,0.023303650977324154,0.02293382974580692,0.022569877454886755,0.022211700966417995,0.021859208620326545,0.021512310211153327,0.021170916964970102,0.02083494151666146,0.020504297887567503,0.0201789014634812,0.019858668972994997,0.019543518466191043,0.019233369293669554,0.01892814208591004,0.01862775873296007,0.018332142364446285,0.01804121732990273,0.017754909179411336,0.017473144644549566,0.017195851619640542
71,0.025397326502834053,0.025002164108487306,0.024613150129718413,0.024230188902024236,0.02385318624936592,0.02348204946100961,0.02311668726872745,0.022757009824353296,0.022402928677687714,0.02205435675474667,0.02171120833634875,0.021373399037035494,0.021040845784319664,0.02071346679825652,0.020391181571332833,0.020073910848668865,0.019761576608528352,0.019454102043131822,0.019151411539768334,0.01885343066220115
72,0.027711941741581016,0.027292370164209646,0.026879151094005745,0.02647218835108133,0.026071387211756267,0.025676654386510643,0.025287897998270883,0.024905027561024654,0.024527953958759625,0.024156589424720952,0.023790847520982938,0.023430643118329954,0.023075892376441937,0.02272651272437995,0.02238242284136712,0.022043542637860687,0.02170979323691046,0.02138109695579966,0.021057377287963665,0.020738558885182515
73,0.03028449882699738,0.029842870025281402,0.02940768134990264,0.028978838886634745,0.028556250090771427,0.0281398237671551,0.02772947005049696,0.027325100385983854,0.026926627510168152,0.0265339654321361,0.026147029414950927,0.025765735957366493,0.025390002775807677,0.025019748786613383,0.02465489408853871,0.024295359945512077,0.023941068769643914,0.023591944104483117,0.023247910608517677,0.02290889403891582
74,0.03311677440802055,0.03265497001188548,0.032199605352231445,0.03175059062868779,0.03130783729312556,0.030871258032195325,0.030440766750108515,0.030016278551658913,0.02959770972548079,0.0291849777275406,0.028778001164858874,0.02837669977945905,0.027980994432540193,0.027590807088870364,0.02720606080139772,0.02682667969607604,0.02645258895690203,0.026083714811161167,0.02571998451487934,0.025361326338477333
75,0.036163374027633886,0.035680559473270534,0.03520419094061212,0.03473418236929558,0.03427044884794352,0.03381290659882406,0.03336147296271572,0.032916066383974214,0.03247660639579864,0.03204301360569451,0.031615209681130664,0.03119311733538786,0.030776660313596126,0.030365763378958726,0.029960352299159818,0.02956035383295382,0.029165695716933605,0.028776306652475526,0.028392116292858604,0.028013055230555802
76,0.03943539017385017,0.038929978983135494,0.03843104523490518,0.03793850591306875,0.037452279065485185,0.036972283790327055,0.036498440222619666,0.036030669520952456,0.03556889385436081,0.03511303638937604,0.034663021277241315,0.03421877364129132,0.03378021956449385,0.03334728607715093,0.032919901144757596,0.03249799365601632,0.032081493411005024,0.031670331109496644,0.03126443833942859,0.03086374756551978
77,0.043017102550103464,0.042489943305045824,0.041969244208468134,0.04145492609355543,0.04094691076365389,0.04044512098038181,0.039949480451886205,0.039459913821243614,0.03897634665500275,0.038498705431867744,0.03802691753151993,0.0375609112235768,0.037100615656686056,0.036645960847753435,0.036196877671302564,0.03575329784896511,0.03531515393909976,0.034882379326538475,0.03445490821245835,0.034032675604377546
78,0.04695710986031974,0.046409822597468835,0.04586891399269485,0.04533430970244616,0.04480593624964869,0.04428372101360701,0.043767592220023174,0.043257478931132035,0.04275331103595125,0.04225501924064527,0.04176253505900131,0.04127579080301656,0.04079471957359495,0.04031925525135247,0.039849332487529504,0.03938488669500929,0.03892585403944077,0.03847217143046528,0.03802377651304505,0.03758060765889325
79,0.05127118321064094,0.05070501200693628,0.05014509284993371,0.04959135670029019,0.049043735281041896,0.048502161069185645,0.04796656728735307,0.04743688789557683,0.04691305758314769,0.046395011760561634,0.0458826865515558,0.04537601878523231,0.04487494598826929,0.04437940637721762,0.043889338850883,0.043404682982792,0.042925379013741306,0.042451367844429246,0.04198259102816883,0.041518990763680964
80,0.05559165891242827,0.055069292926598984,0.054551835343010065,0.05403924003995143,0.053531461329094775,0.05302845395142137,0.052530173073187955,0.052036574281930724,0.051547613582506736,0.05106324739317265,0.0505834325417001,0.05010812626152779,0.0496372861879496,0.04917087035433858,0.048708837188406455,0.04825114550849813,0.047797754519921166,0.0473486238113097,0.04690371335102255,0.04646298348357505
81,0.0601314236237372,0.05965578391001081,0.059183906507629135,0.05871576165669991,0.058251319832731595,0.057790551744771546,0.0573334283335586,0.05687992076969042,0.05643000045180532,0.05598363900477846,0.05554080827793229,0.05510148034326121,0.05466562749367022,0.05423322224122749,0.05380423731543084,0.053378645661487756,0.05295642043860928,0.05253753501831713,0.05212196298276435,0.051709678123069244
82,0.06492088705427312,0.06449491220568318,0.06407173236775723,0.06365132920118567,0.06323368448699138,0.06281878012573996,0.06240659813675548,0.0619971206573413,0.0615903299420058,0.0611862083616935,0.06078473840302097,0.060385902667517845,0.05998968387087298,0.059596064842185194,0.05920502852321926,0.058816557967666674,0.05843063634041116,0.058047246916799106,0.05766637308191491,0.0572879983298607
83,0.0699954736847983,0.06962222560317297,0.06925096785210903,0.06888168981824792,0.06851438094482631,0.06814903073137447,0.06778562873341588,0.06742416456216888,0.06706462788424958,0.06670700842137633,0.06635129595007616,0.0659974803013923,0.06564555136059348,0.06529549906688492,0.06494731341312061,0.06460098444551719,0.06425650226336951,0.06391385701876756,0.06357303891631483,0.06323403821284845
84,0.07539671230082343,0.07507948868477646,0.07476359975322044,0.07444903989061295,0.07413580350503825,0.07382388502810806,0.07351327891486253,0.07320397964367152,0.0728959817161367,0.07258927965699354,0.07228386801401418,0.07197974135791042,0.07167689428223717,0.0713753214032964,0.07107501736004146,0.07077597681398162,0.07047819444908744,0.07018166497169592,0.06988638311041673,0.06959234361603832
85,0.08117362764804857,0.08091608809327612,0.08065936563420571,0.080403457678438,0.08014836164179844,0.07989407494831141,0.07964059503017396,0.07938791932773014,0.07913604528944489,0.0788849703718785,0.07863469203966084,0.07838520776546563,0.0781365150299852,0.07788861132190471,0.07764149413787716,0.07739516098249773,0.07714960936827892,0.07690483681562518,0.07666084085280807,0.07641761901594106
86,0.08738453203888141,0.08719084609482472,0.08699758945151556,0.08680476115741798,0.08661236026310512,0.08642038582125454,0.08622883688664348,0.0860377125161443,0.08584701176871964,0.08565673370541808,0.08546687738936933,0.0852774418857796,0.0850884262619271,0.08489982958715743,0.08471165093287884,0.08452388937255789,0.08433654398171476,0.08414961383791873,0.08396309802078362,0.08377699561196321
87,0.09409935333506746,0.09397438126547528,0.09384957516958663,0.09372493482697417,0.09360046001750325,0.09347615052133147,0.09335200611890855,0.09322802659097576,0.09310421171856545,0.09298056128300096,0.09285707506589587,0.0927337528491539,0.09261059441496847,0.0924875995458221,0.09236476802448633,0.09224209963402119,0.09211959415777474,0.09199725137938289,0.09187507108276874,0.09175305305214251
88,0.10140269171312342,0.10135221245561436,0.10130175832717632,0.10125132931529973,0.10120092540748135,0.10115054659122416,0.1011001928540373,0.10104986418343624,0.10099956056694248,0.10094928199208388,0.10089902844639446,0.10084879991741448,0.10079859639269041,0.10074841785977479,0.1006982643062265,0.10064813571961055,0.10059803208749823,0.10054795339746683,0.1004978996371,0.10044787079398748
89,0.10939788009566072,0.10942888665266352,0.10945990199783087,0.1094909261336537,0.10952195906262349,0.1095530007872324,0.10958405130997351,0.10961511063334037,0.10964617875982732,0.10967725569192951,0.10970834143214267,0.10973943598296321,0.10977053934688842,0.10980165152641609,0.10983277252404491,0.10986390234227417,0.10989504098360381,0.10992618845053465,0.10995734474556808,0.1099885098712062
90,0.11821244657500737,0.1183335378504887,0.11845475316618256,0.11857609264914987,0.11869755642658186,0.11881914462579989,0.11894085737425576,0.1190626947995319,0.1191846570293413,0.11930674419152798,0.11942895641406674,0.11955129382506355,0.11967375655275554,0.11979634472551122,0.11991905847183072,0.12004189792034564,0.12016486319981941,0.12028795443914735,0.12041117176735676,0.12053451531360727
91,0.1280055649296693,0.12822747658519684,0.1284497729488649,0.12867245468760713,0.12889552246951338,0.12911897696383176,0.12934281884097054,0.12956704877250022,0.12979166743115558,0.13001667549083762,0.13024207362661563,0.13046786251472922,0.13069404283259034,0.13092061525878526,0.13114758047307673,0.13137493915640586,0.13160269199089433,0.13183083965984627,0.13205938284775046,0.13228832224028225
92,0.13897836973472993,0.139314707850831,0.13965185993049029,0.1399898279435608,0.1403286138646629,0.14066821967319554,0.14100864735334803,0.1413498988941116,0.1416919762892909,0.14203488153751573,0.14237861664225288,0.14272318361181752,0.14306858445938514,0.1434148212030033,0.14376189586560337,0.1441098104750123,0.1444585670639647,0.14480816767011434,0.1451586143360464,0.1455099091092893
93,0.15138846921483456,0.15185674424526682,0.15232646774469588,0.15279764419352804,0.15327027808602858,0.15374437393036428,0.1542199362486467,0.1546969695769751,0.1551754784654799,0.155655467478366,0.15613694119395619,0.1566199042047351,0.15710436111739262,0.15759031655286826,0.15807777514639498,0.15856674154754338,0.15905722042026618,0.1595492164429426,0.16004273430842306,0.16053777872407396
94,0.16557071860521397,0.1661938315214038,0.1668192894760738,0.1674471012945995,0.16807727583557008,0.1687098219909133,0.169344748686021,0.16998206487987522,0.1706217795651742,0.17126390176845974,0.17190844055024426,0.1725554050051387,0.17320480426198098,0.17385664748396457,0.17451094386876814,0.17516770264868492,0.17582693309075326,0.1764886444968874,0.1771528462040084,0.17781954758417642
95,0.18196749868269338,0.1827759203506969,0.18358793356992817,0.18440355429646635,0.18522279855727847,0.1860456824505338,0.18687222214592072,0.18770243388496408,0.1885363339813445,0.18937393882121892,0.1902152648635426,0.1910603286403924,0.19190914675729198,0.19276173589353768,0.19361811280252644,0.19447829431208524,0.1953422973248013,0.19621013881835464,0.19708183584585146,0.19795740553615931
96,0.20117367465655053,0.20220870704649868,0.20324906464636835,0.20429477485420147,0.20534586520900186,0.20640236339146084,0.2074642972246859,0.20853169467493368,0.20960458385234626,0.21068299301169152,0.21176695055310737,0.21285648502284957,0.21395162511404328,0.2150523996674392,0.2161588376721725,0.21727096826652686,0.21838882073870128,0.21951242452758188,0.22064180922351673,0.22177700456909552
97,0.2240045502380774,0.22532330207437748,0.22664981762085176,0.22798414258374608,0.22932632293838656,0.23067640493076358,0.23203443507912547,0.233400460175581,0.234774527287712,0.23615668376019477,0.2375469772164317,0.23894545556019198,0.2403521669772621,0.24176715993710646,0.24319048319453695,0.24462218579139336,0.2460623170582327,0.2475109266160293,0.24896806437788419,0.2504337805507452
98,0.25160005856486567,0.25328316004786094,0.2549775207913597,0.2566832161152094,0.25840032184311656,0.2601289143060173,0.2618690703454704,0.2636208673170734,0.26538438309390094,0.2671596960699668,0.2689468851637086,0.27074602982149615,0.2725572100211628,0.27438050627556093,0.2762159996361411,0.27806377169655483,0.2799239045962818,0.28179648102428123,0.2836815842226676,0.28557929799041104
99,0.2855852225793977,0.28774886777495606,0.2899289051370627,0.2921254588557304,0.29433865406185755,0.2965686168343571,0.29881547420733845,0.30107935417734444,0.3033603857106428,0.30565869875057283,0.30797442422494825,0.31030769405351555,0.3126586411554687,0.31502739945702174,0.31741410389903796,0.31981889044471673,0.32224189608733933,0.3246832588580728,0.3271431178338333,0.3296216131452088
100,0.32831180828672246,0.33112620143523813,0.3339647204561547,0.3368275721641168,0.33971496514665006,0.34262710977935845,0.3455642182412529,0.3485265045302096,0.35151418447856325,0.3545274757688314,0.35756659794957546,0.3606317724513969,0.3637232226030708,0.36684117364781704,0.3699858527597125,0.3731574890602421,0.376356313634993,0.37958255955049147,0.38283646187118414,0.3861182576765646
101,0.38318622578132,0.3869012276659188,0.39065224660456077,0.3944396317836589,0.3982637357749985,0.4021249145685594,0.4060235276056545,0.4099599378123911,0.41393451163345585,0.41794761906622757,0.42199963369522075,0.42609093272686294,0.43022189702460917,0.434392911144397,0.4386043633704453,0.4428566457514,0.4471501541368304,0.45148528821407924,0.4558624515454698,0.46028205160587415
102,0.4549395770211885,0.45990715851318,0.46492898207846206,0.4700056399977089,0.47513773101883255,0.48032586042760034,0.4855706401190228,0.49087268866952155,0.49623263140988516,0.5016511004990213,0.5071287349985145,0.5126661809479979,0.5182640914413481,0.5239231267037121,0.5296439541693745,0.5354272485604765,0.541273691966593,0.5471839739251793,0.5531587915028957,0.5591988493778213
103,0.5490429936098983,0.5556742238170987,0.5623855446812656,0.5691779235211512,0.5760523393385886,0.583009782959597,0.5900512571771918,0.5971777768959191,0.6043903692781374,0.6116900738920641,0.619077942861611,0.6265550410180303,0.63412244605339,0.6417812486759052,0.6495325527671443,0.6573774755411336,0.6653171477053846,0.6733527136238656,0.6814853314819409,0.6897161734533038
104,0.6678173643356367,0.6762684392601849,0.6848264605913325,0.6934927817112214,0.7022687731287333,0.7111558226962233,0.7201553358289996,0.7292687357275761,0.7384974636027423,0.7478429789034778,0.7573067595477533,0.7668903021562504,0.7765951222890414,0.7864227546852617,0.7963747535058172,0.8064526925791621,0.8166581656501869,0.826992786632257,0.8374581898624395,0.8480560303599605
105,0.8013528724291578,0.8107437464573171,0.8202446700255066,0.8298569327795278,0.8395818394782507,0.8494207101707215,0.8593748803753438,0.8694457012611613,0.8796345398312632,0.8899427791083409,0.9003718183224172,0.910923073100777,0.9215979756601228,0.9323979750009823,0.9433245371043947,0.9543791451309007,0.9655632996218662,0.9768785187031633,0.9883263382912403,0.9999083123016043
106,0.9173101797150828,0.9250241795980095,0.9328030493532105,0.940647334495385,0.9485575851266671,0.956534355975203,0.9645782064340521,0.972689700600417,0.9808694073152017,0.989117900202903,0.9974357577118385,1.0058235631547106,1.0142819047495137,1.0228113756607846,1.0314125740411995,1.0400861030735213,1.0488325710128992,1.0576525912295245,1.0665467822516452,1.075515767808941
107,0.9763747171341008,0.9797148516526807,0.9830664126230176,0.9864294391344954,0.9898039704102207,0.9931900458074809,0.9965877048182025,0.9999969870694126,1.0034179323237002,1.0068505804796808,1.010294971572461,1.0137511457741053,1.017219143394106,1.0206990048798519,1.0241907708171,1.0276944819304505,1.0312101790838197,1.0347379032809176,1.038277695665727,1.0418295975229812
108,0.9947625921912422,0.9951912625755045,0.9956201176855495,0.9960491576009805,0.9964783824014352,0.9969077921665854,0.9973373869761378,0.9977671669098329,0.9981971320474458,0.9986272824687857,0.9990576182536969,0.9994881394820572,0.9999188462337794,1.0003497385888105,1.0007808166271324,1.0012120804287605,1.0016435300737458,1.0020751656421731,1.0025069872141619,1.002938994869866
109,0.9997074936651065,0.9997135239179433,0.9997195542071546,0.9997255845327409,0.9997316148947021,0.9997376452930385,0.9997436757277505,0.9997497061988381,0.9997557367063016,0.9997617672501412,0.9997677978303572,0.9997738284469497,0.9997798590999191,0.9997858897892654,0.999791920514989,0.9997979512770899,0.9998039820755686,0.9998100129104251,0.9998160437816598,0.9998220746892728
110,0.9999992794008707,0.9999992785108869,0.999999277620903,0.9999992767309192,0.9999992758409353,0.9999992749509514,0.9999992740609676,0.9999992731709837,0.9999992722809998,0.999999271391016,0.9999992705010321,0.9999992696110482,0.9999992687210644,0.9999992678310806,0.9999992669410968,0.9999992660511129,0.999999265161129,0.9999992642711452,0.9999992633811613,0.9999992624911774
111,0.9999999999948305,0.9999999999947832,0.9999999999947358,0.9999999999946885,0.9999999999946412,0.9999999999945939,0.9999999999945466,0.9999999999944993,0.9999999999944519,0.9999999999944046,0.9999999999943573,0.99999999999431,0.9999999999942627,0.9999999999942154,0.9999999999941681,0.9999999999941207,0.9999999999940734,0.9999999999940261,0.9999999999939788,0.9999999999939315
112,1.0,1.0,1.0,1.0,1.0,1.0,1.0,1.0,1.0,1.0,1.0,1.0,1.0,1.0,1.0,1.0,1.0,1.0,1.0,1.0
113,1.0,1.0,1.0,1.0,1.0,1.0,1.0,1.0,1.0,1.0,1.0,1.0,1.0,1.0,1.0,1.0,1.0,1.0,1.0,1.0
114,1.0,1.0,1.0,1.0,1.0,1.0,1.0,1.0,1.0,1.0,1.0,1.0,1.0,1.0,1.0,1.0,1.0,1.0,1.0,1.0
115,1.0,1.0,1.0,1.0,1.0,1.0,1.0,1.0,1.0,1.0,1.0,1.0,1.0,1.0,1.0,1.0,1.0,1.0,1.0,1.0
116,1.0,1.0,1.0,1.0,1.0,1.0,1.0,1.0,1.0,1.0,1.0,1.0,1.0,1.0,1.0,1.0,1.0,1.0,1.0,1.0
