,0,1,2
0,"[-4.244036331128549, -4.27406289364047, -4.304307270150852, -4.335692364078235, -4.368567697059583, -4.401232159983587, -4.435412618618678, -4.471142224323224, -4.504945471238565, -4.537753927808475]","[-4.270805380632524, -4.299107351665739, -4.32734491429234, -4.355813111503963, -4.384813058515434, -4.415798017149214, -4.445140722533111, -4.474507364769821, -4.502995339547638, -4.539843307202105]","[-4.310565902920427, -4.340186261640849, -4.370282339932384, -4.400176321225228, -4.431839098291459, -4.463337485747399, -4.493004041792812, -4.523415039362373, -4.554644909756245, -4.84531748022324]"
1,"[-7.0585784938175715, -7.100757292284492, -7.141488077862982, -7.179165157302145, -7.204002438857082, -7.259923915191416, -7.311683325840954, -7.360199275239233, -7.337984396888737, -7.390915049983982]","[-7.0320812365707654, -7.071906184285571, -7.10783603551953, -7.138743794962456, -7.200395963594009, -7.250354136779596, -7.296662076815655, -7.270085280269076, -7.323891216396977, -7.373473850518157]","[-7.048440107582186, -7.083288942901467, -7.102291611461018, -7.155082841841553, -7.203878899542664, -7.238235556958292, -7.202062678961132, -7.23041634957311, -7.269005774958108, -7.9067315454315885]"
2,"[-7.46939918193427, -7.510834129335556, -7.551189148606929, -7.590214108856592, -7.628846643300924, -7.675745589466962, -7.722298716934595, -7.762123061152372, -7.78126804511455, -7.8210056682994695]","[-7.467252770367171, -7.503291917893197, -7.533921940180566, -7.56559886217406, -7.606758044961001, -7.658818235549237, -7.68591737926295, -7.702159086170699, -7.71834558241358, -7.7931812702893275]","[-7.500156636631818, -7.541468686706157, -7.584220457172723, -7.62813927168283, -7.686358894503446, -7.709686813226671, -7.7249960296812965, -7.739322184866996, -7.78319602394733, -8.21628727698955]"
3,"[-7.741386413079872, -7.754936553974821, -7.828437582095339, -7.868470624526217, -7.89306246160455, -7.943719260831549, -8.014693357487396, -8.05765017165728, -8.180138960917667, -8.215091124613956]","[-7.708683077070943, -7.778095763001672, -7.816088702354661, -7.838715389195911, -7.88366271910452, -7.947715345595113, -7.993436209682456, -8.106671482149594, -8.139173239294522, -8.179281569842331]","[-7.8143310694573405, -7.8705083018718245, -7.900107633191157, -7.960034400093365, -8.048949561881829, -8.096335470545101, -8.223308011758137, -8.262867856639433, -8.31187368543725, -8.660869371014643]"
4,"[-7.918359362613534, -7.951076221745585, -8.006792080681894, -7.994403151888523, -8.134429229516659, -8.159878160897765, -8.21786972889689, -8.279432837013278, -8.426080513838802, -8.455785347242031]","[-7.919393389009005, -7.980080010823971, -7.964550303749806, -8.123079779081113, -8.142810926295883, -8.200751767017014, -8.261757184274561, -8.414542038448221, -8.449027482874758, -8.488757387258179]","[-7.979482291720124, -7.965335483185263, -8.1073658713021, -8.15098840974948, -8.19992586084387, -8.272867067239495, -8.440520404360505, -8.470525023049923, -8.513400607264849, -8.760895900882097]"
5,"[-8.032790174370023, -8.05371765386066, -8.116913970222088, -8.182305801322075, -8.28279220651588, -8.30204323272905, -8.33832519467673, -8.363736418669435, -8.423839745705338, -8.447612752800199]","[-8.063571030210067, -8.124893272231628, -8.192143285583068, -8.295946234773208, -8.315617047186304, -8.354150704975535, -8.378733530576636, -8.437770172889639, -8.460787631507326, -8.494514670159031]","[-8.150969746988219, -8.227077167015475, -8.326520744245451, -8.346370674204033, -8.37845877138893, -8.41105490876357, -8.478986255358857, -8.501206753309768, -8.539123182650608, -8.710414727684062]"
6,"[-8.147730343827932, -8.172305523270696, -8.268253727668851, -8.267719530993562, -8.315549796008925, -8.336360008948903, -8.3924057199894, -8.429353681886058, -8.465815180474381, -8.48434700959311]","[-8.181296483025566, -8.279200107202545, -8.27892066948107, -8.317819565907033, -8.339288955926808, -8.389202176034363, -8.428980352729472, -8.465135584026488, -8.485906444862398, -8.51216918267301]","[-8.304264919920689, -8.299521550624496, -8.356107998727685, -8.3690964431454, -8.42608217531336, -8.458302076994306, -8.491121664731628, -8.508432181640392, -8.542522607459551, -8.643758660270697]"
7,"[-8.258505005698705, -8.289490031387711, -8.30682769076159, -8.295405158150995, -8.335787830252254, -8.362857836607898, -8.419037386152947, -8.446426536265815, -8.44884711954003, -8.473530058592612]","[-8.301788288226717, -8.316036339907342, -8.306888273975247, -8.293236448487633, -8.341594702622288, -8.389176144322747, -8.453744820377224, -8.471483000612253, -8.466926244611287, -8.488181339169287]","[-8.32056123870352, -8.300125074711831, -8.29708105060199, -8.280042524588497, -8.346918392134102, -8.39751276667157, -8.464953798008354, -8.488109140795858, -8.47423593713829, -8.489939579879136]"
8,"[-8.329472618407479, -8.35385606088387, -8.240210991582742, -8.225189147747031, -8.273563819236031, -8.288380214243105, -8.348568466721943, -8.382428818612269, -8.377158162414005, -8.383848132329902]","[-8.364025937288265, -8.248804712563018, -8.186771968274574, -8.232655962824087, -8.263174654810886, -8.331367673247318, -8.386017361550788, -8.393600406020145, -8.400381332623969, -8.42232984713019]","[-8.233112084580771, -8.174312195642106, -8.214407938433997, -8.244284543110243, -8.313765640272013, -8.372485509975068, -8.388649190677516, -8.401956394216231, -8.423604255443625, -8.425319210876896]"
9,"[-8.414328552654151, -8.428792971057955, -8.221966060681407, -8.209391147701208, -8.25962998053259, -8.269014404958252, -8.319647302722696, -8.354322867339615, -8.381097691005234, -8.389956325164203]","[-8.442925442258128, -8.234910954037913, -8.085241470733889, -8.129848029712447, -8.171988774338969, -8.233095191667088, -8.294090163210639, -8.342238597819813, -8.369351743037113, -8.394533967847236]","[-8.149396816903442, -7.9960329483092725, -8.045294596517175, -8.080415355676502, -8.140144939237922, -8.204413841182083, -8.24885562684545, -8.279988051095694, -8.304556089156955, -8.272442939394802]"
10,"[-8.374879918652574, -8.42509206722955, -8.260639052498142, -8.236061555924813, -8.277446267786424, -8.287448585624794, -8.333678793753485, -8.363843666980962, -8.400634753177862, -8.407799933231423]","[-8.416946362406199, -8.27015408471245, -8.15889972791094, -8.19157500535268, -8.226698036939089, -8.27967406034488, -8.334528259635155, -8.386606115549986, -8.424103956371729, -8.444625252559964]","[-8.178805497631597, -8.08436942581849, -8.119544685974883, -8.153026589349079, -8.213356026604938, -8.27215900380926, -8.329444476559924, -8.3678170714231, -8.39261417944746, -8.340887111768293]"
11,"[-8.285098739218094, -8.347474795084574, -8.257211450737097, -8.262546261556574, -8.32407850564284, -8.333453099027404, -8.378208896860608, -8.413247122213372, -8.429975791618356, -8.443965142376848]","[-8.334127263125964, -8.260980919894763, -8.206327096519061, -8.267924745527097, -8.31224205806572, -8.36032950594742, -8.41596686556656, -8.449433294084855, -8.477800616023131, -8.49816650241334]","[-8.189168525348478, -8.176661370742195, -8.216261806386584, -8.259107957082861, -8.327706287103766, -8.383884123015278, -8.438214125531786, -8.488701528358334, -8.512899430888766, -8.457729911851757]"
12,"[-8.113994155053378, -8.164137642804862, -8.155396435384036, -8.221805315438987, -8.273928932819844, -8.291645266089917, -8.357274651501656, -8.373666707400561, -8.380723889425726, -8.415689877674312]","[-8.17179975814265, -8.182925064741491, -8.253251869856237, -8.31902196693313, -8.353722535698532, -8.425946400194286, -8.472156603514074, -8.483297594516396, -8.521471597879051, -8.553991243867992]","[-8.154979187461002, -8.229991685064896, -8.297060418339832, -8.346085544141395, -8.421593430849178, -8.468620277407034, -8.488310774254067, -8.538108152734502, -8.564583623247607, -8.49225251509474]"
13,"[-7.945414860957865, -7.998215832972531, -8.059777007663254, -8.098946237230304, -8.155062162542347, -8.174925373160843, -8.20847008492947, -8.240771615171436, -8.310172924065593, -8.398170792722706]","[-7.996453752767851, -8.055605640661529, -8.094054790240339, -8.148748481672815, -8.169930817585996, -8.196685351458004, -8.227340880808047, -8.298897366997412, -8.38618522512596, -8.40644483829718]","[-7.998771065760478, -8.039737200278863, -8.09563737912856, -8.11971488213919, -8.15635108194135, -8.185195561412796, -8.256862837735637, -8.347990769807323, -8.368233416143879, -8.287379179064258]"
14,"[-7.634549588781879, -7.677566346597955, -7.740588818562315, -7.792003885728405, -7.845786490363166, -7.873756964576528, -7.899443211850808, -7.932952361998246, -7.958199233633564, -8.024164044183777]","[-7.749733707842049, -7.811494409081158, -7.863337828752217, -7.91399842777532, -7.941912741374788, -7.971482028227863, -8.001258701991853, -8.026456256371555, -8.08846055061799, -8.116745148759898]","[-7.7516849512554, -7.810514199206907, -7.869936334559996, -7.90555645770796, -7.945826242337305, -7.989040857771713, -8.019431425849277, -8.083494729021865, -8.116940154353458, -8.057248099366504]"
15,"[-7.1571866993520175, -7.190124073317996, -7.274552115491382, -7.239627660504333, -7.275358640840999, -7.299194724551192, -7.320659463546029, -7.338141343808523, -7.36221604912614, -7.395597861400596]","[-7.213773881068388, -7.299652409722963, -7.26401694955484, -7.29841169806377, -7.323351916840235, -7.343744405528465, -7.358709922974864, -7.386100341549078, -7.412765772065082, -7.439022690972248]","[-7.285668577340613, -7.266256441635261, -7.305693150771032, -7.328092553925882, -7.353330784750352, -7.3733354763064485, -7.404638129559527, -7.439544144359599, -7.461154734057556, -7.326795240205894]"
16,"[-6.942658732951279, -6.966834930077787, -6.989406594381328, -7.024616987750526, -7.05984006573319, -7.076654888064261, -7.094589642555113, -7.121509448931213, -7.13943203662395, -7.167123982057567]","[-6.989582311950886, -7.01181663259145, -7.0435129447209475, -7.081292294554674, -7.103948057286703, -7.121179024346435, -7.1462362358647225, -7.165175034322107, -7.191655545152986, -7.2122043060439465]","[-7.005155022444162, -7.040374702962074, -7.081057298185263, -7.107015461849008, -7.133233918996487, -7.159700616450939, -7.183469680326018, -7.2148898068833685, -7.241289735959802, -7.101181046294007]"
17,"[-6.782826851538278, -6.805410531765677, -6.829568357623078, -6.8624586886231675, -6.893310959867097, -6.915838237336732, -6.932761992744066, -6.9590024253790155, -6.978263886130311, -7.006543322882511]","[-6.823799020878627, -6.848356534994795, -6.879408057115628, -6.912880464724853, -6.9391993948143265, -6.958195827237918, -6.982049093849613, -7.000630433939054, -7.02823993683572, -7.041370251483872]","[-6.846746232918002, -6.881154787352778, -6.9165975457043425, -6.94370910208533, -6.965384129992224, -6.993260838648774, -7.015288517436482, -7.04400166738639, -7.06183360200236, -6.932812136224009]"
18,"[-6.667797329348409, -6.686936617341721, -6.707587097284281, -6.738177206811392, -6.765473150160992, -6.780005533692324, -6.800417105180109, -6.823650869053686, -6.840006450635278, -6.8642842289776445]","[-6.712649811550752, -6.73591584947683, -6.767249325781838, -6.801076284169928, -6.822150467455164, -6.848660763844625, -6.87536227379717, -6.893898100152389, -6.921106856807843, -6.943291817351953]","[-6.738238261326139, -6.77149793623287, -6.807066501363104, -6.828766276373451, -6.8553100836117915, -6.886328020377939, -6.906413433386867, -6.932024120598023, -6.9583197657604865, -6.8343654770990065]"
19,"[-6.591588543632003, -6.610387248822423, -6.630363913156959, -6.658877545871707, -6.689773062148067, -6.70345261776534, -6.722219473586353, -6.744816423297795, -6.759850860477361, -6.784247911439213]","[-6.634147183280482, -6.656837678756609, -6.686534279268279, -6.721402486097111, -6.740815152656331, -6.763010409902825, -6.7887119588070055, -6.80724167382349, -6.835494923647537, -6.857746172007217]","[-6.659806702981636, -6.690695403839395, -6.727879590119168, -6.749678131888554, -6.7757486540329905, -6.798411399821684, -6.820880657757566, -6.852156883801267, -6.881683011303589, -6.771721829424545]"
20,"[-6.522089648982674, -6.541853595515877, -6.564441174259573, -6.592198874792248, -6.623483069231898, -6.644245913243085, -6.658061724146992, -6.68240586294809, -6.696709367437452, -6.723979397667736]","[-6.56140692049464, -6.58543847577473, -6.614026638509834, -6.647959950210655, -6.675792193802202, -6.694724877195561, -6.719867295416201, -6.734938656741882, -6.764055423269177, -6.786960353905464]","[-6.59176058908387, -6.622093849158128, -6.65934566435798, -6.68829311271592, -6.71271503557845, -6.743018208345612, -6.763164002722343, -6.793538037961563, -6.823694723000964, -6.729580866446932]"
21,"[-6.4523813553936575, -6.467273785438368, -6.4857210970334505, -6.504954070489833, -6.535361966755221, -6.534628897203578, -6.562895269362701, -6.572891007407082, -6.591015028996838, -6.610981292320861]","[-6.494436981302782, -6.520077847090645, -6.547021420818849, -6.582283241820617, -6.602499297035022, -6.6348009017827945, -6.661935202923699, -6.686244566139861, -6.714714542177601, -6.743233272952123]","[-6.523844471389482, -6.550279770234654, -6.586319826731512, -6.600346866251955, -6.633226487042436, -6.659776576982865, -6.682750734688768, -6.711830404775271, -6.740314065666923, -6.663746006043682]"
22,"[-6.41072079106782, -6.424411937925856, -6.443818509910147, -6.462942814785879, -6.491479250002544, -6.493999750452008, -6.5223855759071965, -6.5332362773883, -6.552098074095215, -6.574348471226062]","[-6.450285283004499, -6.477447235112644, -6.506062281405187, -6.540786282246566, -6.562574154784537, -6.596062219788886, -6.623085859318829, -6.64840953526423, -6.67967687649057, -6.71124540743754]","[-6.480779511003877, -6.509047304361249, -6.54450387608924, -6.562552305950905, -6.5961939572236785, -6.625753873109008, -6.646178263320709, -6.677708926691795, -6.707392283796454, -6.6449034820190915]"
23,"[-6.3911249944775275, -6.407433140075105, -6.4263003421782425, -6.447683881020444, -6.4772305106579235, -6.480644105218621, -6.508539140440794, -6.52003782543567, -6.539261958778175, -6.56119367595044]","[-6.432204247028355, -6.458872534842018, -6.488097450271968, -6.523388131097678, -6.546524454415564, -6.578036867589478, -6.6062828381962815, -6.631248062983874, -6.661781888962511, -6.692436032504562]","[-6.461590046539344, -6.489121709495224, -6.523992609708943, -6.54099897901658, -6.574016636713781, -6.598284941642918, -6.617831068589725, -6.6481695682847874, -6.677467538520135, -6.630146602644958]"
24,"[-6.390880931313897, -6.408034812804128, -6.4277890754452, -6.448164943750764, -6.475074261572028, -6.486010396066869, -6.515277530211772, -6.52732858541962, -6.548678911436165, -6.5725166100597034]","[-6.427249931596463, -6.453254629723971, -6.4803759631293465, -6.512336975761001, -6.536629416845982, -6.570430972479527, -6.597428480960672, -6.622620624356215, -6.653094001911824, -6.685343620233481]","[-6.459288163699823, -6.487847410731631, -6.519444060169774, -6.540990260087567, -6.575739183121043, -6.604393641122299, -6.624993982382732, -6.654214325018841, -6.6847978016665754, -6.655073050998765]"
25,"[-6.4019268620045615, -6.422632178220315, -6.444497043195529, -6.4679111949385835, -6.486805571171804, -6.5107559281619025, -6.542497122588916, -6.5587279684128, -6.581252576711936, -6.6042925845118]","[-6.4341990421006585, -6.459777960036149, -6.487480131391635, -6.513781310472837, -6.540962207544794, -6.5761995049605275, -6.608197465021362, -6.633033284399858, -6.661546881724348, -6.692605273280492]","[-6.465316279450473, -6.492674761110958, -6.51742303616744, -6.545773706058082, -6.581422350028571, -6.611400582486805, -6.632091763088521, -6.659464507022914, -6.685810769567308, -6.675540962846991]"
26,"[-6.403697945408486, -6.427427029468082, -6.450951563425325, -6.477154176913165, -6.498298404969238, -6.525289461247586, -6.559054665498398, -6.577857619382404, -6.604407718636058, -6.62975885742154]","[-6.433852112184791, -6.4594751003045126, -6.4860063458639665, -6.511069663133053, -6.538487212996511, -6.574365699927835, -6.606385650377302, -6.6331344361263795, -6.664149295802741, -6.694348536695866]","[-6.466727276885712, -6.493939410516822, -6.517545707145536, -6.545777931431139, -6.58207826278528, -6.612231587612832, -6.638453609863126, -6.668316024908626, -6.69718601330539, -6.6957650001568885]"
27,"[-6.4022254881105916, -6.421366804524471, -6.450822397380282, -6.478208960279037, -6.499367085530569, -6.527315938159038, -6.56273432938676, -6.579250033258607, -6.611527259706666, -6.638606648205926]","[-6.4268253902259405, -6.454119577101165, -6.486048347345286, -6.512566833785468, -6.540264888695174, -6.5775352707418735, -6.610162849566632, -6.640797778061324, -6.675852171173983, -6.709186091116362]","[-6.465690854042061, -6.496325627937205, -6.5200331109010055, -6.547564615532048, -6.5842964286350085, -6.6129503241174294, -6.639535625501759, -6.6734962882839515, -6.702028845473416, -6.715663314833529]"
28,"[-6.389950101045781, -6.414318323848659, -6.439845113797003, -6.467951214654261, -6.489722824437433, -6.516940141809994, -6.5504944946299135, -6.570600085673743, -6.59921654385131, -6.625764117358142]","[-6.415950382080977, -6.442496513900464, -6.471498042297666, -6.498723085922306, -6.525349620682304, -6.561332911205595, -6.595358326983755, -6.623531574335997, -6.657118571874802, -6.690491696772282]","[-6.446762709663594, -6.475554608525122, -6.501250029326761, -6.526368365408266, -6.562544633419598, -6.594401408703411, -6.619211229280913, -6.651605031238282, -6.68319100771972, -6.708127795503819]"
29,"[-6.364667045953305, -6.390248053776653, -6.416528632002504, -6.444289674120577, -6.468398799257906, -6.495928433793218, -6.530899950372608, -6.550583665328653, -6.580973106505902, -6.607679403456481]","[-6.388600281742458, -6.416436453652625, -6.44530739758635, -6.472924656537418, -6.500344700482731, -6.537336527672653, -6.572822726634388, -6.6002726641717, -6.635185689968114, -6.669247483206038]","[-6.42221320135751, -6.450617034866002, -6.478775762899306, -6.504598180709865, -6.540979745744255, -6.5764325549290445, -6.599887928871897, -6.634906711934593, -6.666874314604786, -6.69655679812887]"
30,"[-6.336559553831079, -6.363187573119261, -6.390545626371362, -6.4200010553144, -6.444044514759638, -6.472342753051975, -6.507777956514814, -6.531991590946176, -6.558495867266514, -6.585787316053369]","[-6.35962036520414, -6.387431976275369, -6.416951731668636, -6.444421938510462, -6.470533820690438, -6.507058436872288, -6.542583229841515, -6.5691788223402945, -6.598750586511418, -6.632754086406752]","[-6.391356557288286, -6.4206210893179145, -6.4486137588108745, -6.474462564715263, -6.510287191399452, -6.547358609416601, -6.575432561018583, -6.605287415587422, -6.63900587862086, -6.6713341266448465]"
31,"[-6.308174122741028, -6.3314517500452245, -6.361864122246906, -6.389843006303116, -6.414397335296079, -6.44297608794789, -6.477739062776371, -6.499751547967597, -6.530453341697856, -6.557791291420862]","[-6.3284693357682835, -6.356930289152921, -6.389172166321338, -6.416527421880425, -6.444637395176948, -6.48101275015241, -6.516623686734499, -6.545813275236548, -6.5798304692990195, -6.615267118174494]","[-6.365040822048206, -6.396822700370569, -6.423010315839667, -6.450594112370629, -6.486354045663495, -6.5213133954447695, -6.546973893512506, -6.581437552441377, -6.614960903395433, -6.646939566452522]"
32,"[-6.279249787515017, -6.307004673590871, -6.334910536369296, -6.3617224713768685, -6.389862680992099, -6.418157832881423, -6.452346766551944, -6.478757081737729, -6.505342355182382, -6.532200884258362]","[-6.302114608584749, -6.33059681475054, -6.358607790320026, -6.386250574960219, -6.415657703651893, -6.450388346685874, -6.484874185993182, -6.513019149078834, -6.540898882671105, -6.575158060415494]","[-6.3346330144290555, -6.362373900863968, -6.389604962695085, -6.418792735118114, -6.453789289373599, -6.489630307335101, -6.518270996663414, -6.548127972785078, -6.581145071688734, -6.616975502375208]"
33,"[-6.249770165753025, -6.276353256177563, -6.303671916347403, -6.3300223363157695, -6.356994896527786, -6.385045356449146, -6.418429843482036, -6.442937589582462, -6.471048332151431, -6.498724508431215]","[-6.271832511106917, -6.2998621373422825, -6.327324217463323, -6.354333861077615, -6.3830708044566595, -6.417420037368723, -6.451644942442366, -6.4794858566470825, -6.510188410336562, -6.544182112718412]","[-6.303563110923685, -6.330573073050298, -6.357619967704929, -6.386132328233041, -6.419921731969632, -6.454749765267886, -6.481228802746452, -6.512274353226937, -6.545767328163899, -6.5821181968062294]"
34,"[-6.220991836284191, -6.249225884099395, -6.2776179401026075, -6.306660698150188, -6.335733040590674, -6.366965982486398, -6.40370169224301, -6.430700159986407, -6.4591799801037615, -6.489523082394988]","[-6.239589345044954, -6.267298605627878, -6.294469489119513, -6.321342267430885, -6.348866397849782, -6.3831064797561, -6.420730835161669, -6.444716940037472, -6.474461030549867, -6.507996067739589]","[-6.268796573645862, -6.2957006350825155, -6.3225955323050345, -6.349577118895444, -6.382742029867562, -6.419136473230513, -6.445196585051211, -6.473393776706847, -6.50701620175639, -6.549391352824363]"
35,"[-6.185280022210644, -6.213076823390291, -6.239674790761636, -6.268845607525871, -6.295871776527927, -6.3266419349230985, -6.363632488063739, -6.386148021555708, -6.418186091817186, -6.451084149069355]","[-6.207065129310377, -6.232838559553511, -6.26015983115185, -6.286117206916697, -6.313517097041495, -6.3490178358112646, -6.371956206515915, -6.397973071441538, -6.4295008886908365, -6.461485165760405]","[-6.232773638786135, -6.2607794771803, -6.286432289974151, -6.314250882239399, -6.35027885389453, -6.373469193921743, -6.400756410778818, -6.433628454328833, -6.466528594018278, -6.525058038057146]"
36,"[-6.144240835486616, -6.1717033067631375, -6.197693444593514, -6.226810505418743, -6.252295926018323, -6.282913286043967, -6.318188741608227, -6.345085222079123, -6.3708819651889455, -6.4044801087963235]","[-6.167010191614271, -6.1922378202625525, -6.219486927399875, -6.243761827955486, -6.271775534162761, -6.3061132820048345, -6.3317956903674615, -6.356139741624237, -6.384390195617915, -6.418513914356471]","[-6.1886871027005075, -6.217034449632203, -6.240587279031908, -6.268017582426703, -6.302143540064728, -6.326818164269364, -6.349774665961897, -6.37873719243232, -6.4089958703321575, -6.480439375917351]"
37,"[-6.098395160733532, -6.1251024504739755, -6.149697465224933, -6.17958138078339, -6.203884217290949, -6.233231100587916, -6.268035545348, -6.2882319738704675, -6.318108455612134, -6.350854100062322]","[-6.119505168220702, -6.142548888272348, -6.169629040456119, -6.192794711610976, -6.217846085599366, -6.25015221284956, -6.269685424214902, -6.2942978975388435, -6.323694025448265, -6.353781004718247]","[-6.141992469760517, -6.170706344279388, -6.194491808745006, -6.220044837775568, -6.253483348968366, -6.272382409754137, -6.2968748039332425, -6.330539492401222, -6.361247635888795, -6.441429383563737]"
38,"[-6.044605174101252, -6.069552059284706, -6.093750626779456, -6.123171807266135, -6.146737364120145, -6.174216574988622, -6.204857717267532, -6.2299511348822305, -6.253869387320537, -6.284383582881946]","[-6.0696217175030265, -6.093970814665512, -6.12186653906639, -6.145378580262617, -6.171978063827113, -6.200477326234535, -6.225894220119074, -6.248897032757953, -6.277237141450599, -6.308656847050146]","[-6.090759643085042, -6.12031773171548, -6.14282017081205, -6.169691019423047, -6.199573713086287, -6.223133966989557, -6.246070534653703, -6.273253869928161, -6.3016277223003305, -6.389829930580894]"
39,"[-5.986914997208095, -6.011421843650914, -6.036548719960428, -6.066495816442347, -6.09013723324535, -6.116942190784193, -6.147991978782392, -6.171818227726198, -6.199298006701446, -6.228314223918296]","[-6.012914262234768, -6.037092726200423, -6.066716575517854, -6.090940061479411, -6.116760029911599, -6.14502912153264, -6.168810082122287, -6.1954252566095205, -6.224063127755723, -6.251055387302837]","[-6.036789805742775, -6.067109641733443, -6.090894633087193, -6.117271461638485, -6.147135458069717, -6.169795789870297, -6.196253304484164, -6.225462653788601, -6.2534364043947805, -6.343786622512018]"
40,"[-5.927557707030485, -5.951973749522279, -5.976879589457224, -6.0076433776059845, -6.031872807268212, -6.059143938321779, -6.092293258953998, -6.1123987643161515, -6.142435429815362, -6.170722641248415]","[-5.952902660750848, -5.975885766604048, -6.004167665773135, -6.028494429820281, -6.053454461553198, -6.082234204792481, -6.102032705255848, -6.127352326222759, -6.154685852163535, -6.184252998837334]","[-5.9798618547828815, -6.011794588735881, -6.036129177755298, -6.062639464831533, -6.093931877261581, -6.112792046016636, -6.1390482329042575, -6.167443386486354, -6.199321742376866, -6.295420411250176]"
41,"[-5.862783155443153, -5.88586932890304, -5.910887190179905, -5.9415911334026665, -5.96545873120614, -5.992422153281054, -6.018665726335725, -6.046277237163863, -6.071682819204411, -6.098346737252554]","[-5.891492650879538, -5.915410039050496, -5.944526792539275, -5.968826771749175, -5.994181166438377, -6.019925662351763, -6.046782062424338, -6.072058697266495, -6.097896707279599, -6.12904162056557]","[-5.917758205323212, -5.9476669760185406, -5.971145072369568, -5.996213884441845, -6.021711043431155, -6.046335361315601, -6.0709081398087665, -6.096516157849424, -6.126589958904974, -6.224500079988234]"
42,"[-5.79499956656117, -5.816862542814203, -5.841365213206597, -5.871096002569981, -5.894449495411106, -5.919533698520251, -5.943672620392032, -5.968113534784504, -5.99627135198433, -6.020806855222769]","[-5.823354931544735, -5.846386943008973, -5.875662248578145, -5.899951076131536, -5.924445794891788, -5.948763120915963, -5.973360840227677, -5.9993378799373644, -6.02461423910804, -6.050373865287973]","[-5.850503511835493, -5.88059724319414, -5.904238132868565, -5.928598238263882, -5.952509435002364, -5.978138774742044, -6.00517655174867, -6.026948647682227, -6.0533683152093065, -6.1529539750112665]"
43,"[-5.723856410125813, -5.745817957560143, -5.769673852364144, -5.79884342860671, -5.821863936374506, -5.847510209421238, -5.87123075139018, -5.899959497267923, -5.924682099486312, -5.949895933384618]","[-5.752445221564217, -5.775945559760971, -5.80425119647984, -5.828569625189943, -5.853338190040035, -5.877831675729198, -5.9049691675812435, -5.931471126771016, -5.955667328706427, -5.983939977979703]","[-5.777885905310233, -5.807164343848546, -5.82949726174744, -5.854505621671398, -5.877869832172712, -5.90507570359083, -5.928451456904133, -5.952341434389075, -5.978259042679985, -6.078662090778073]"
44,"[-5.65016382595153, -5.671540398500873, -5.694977553911521, -5.722716132529094, -5.745151099167778, -5.769397732220604, -5.792526228703572, -5.817275796435787, -5.843355369173004, -5.868614826701595]","[-5.677304227779444, -5.699505831057961, -5.726416480670507, -5.7490433258365945, -5.772649380321439, -5.794556253532703, -5.819242061058815, -5.843426820765074, -5.867585974688466, -5.895388579870398]","[-5.701375596664936, -5.728872072391302, -5.750672037221581, -5.774279002539903, -5.796583760969431, -5.821631731905133, -5.846585786409766, -5.868818123333246, -5.892733529649765, -5.992867753349334]"
45,"[-5.57540142221032, -5.59653237333177, -5.618892882593259, -5.644127101280078, -5.665624701060637, -5.689513298325523, -5.711411484159812, -5.737751303814634, -5.760084793545588, -5.784476088933929]","[-5.601239900123784, -5.622922697123596, -5.648365757447192, -5.670852771979281, -5.6938634263542385, -5.716515741330096, -5.7432106500682325, -5.7653264580485315, -5.790525316279838, -5.818166275527784]","[-5.623573223628537, -5.649545699857609, -5.670341423280971, -5.693945767857568, -5.715293624006645, -5.741183018811481, -5.761394758277075, -5.783757651724355, -5.808732850976722, -5.9081039713103936]"
46,"[-5.500436693729387, -5.520844370426165, -5.541923635007368, -5.566050742120968, -5.586689314173089, -5.610300077424871, -5.631143754647599, -5.657484853939639, -5.6792911424502, -5.703777863012181]","[-5.525834989700618, -5.547290884856286, -5.572695515085163, -5.594563704881969, -5.618039687130752, -5.639574116993847, -5.66527176365644, -5.687866655144992, -5.713280797902646, -5.738252419013682]","[-5.546307054909346, -5.570560423287032, -5.5908570583932375, -5.613779209183929, -5.634502516689179, -5.657781486960528, -5.678478698807237, -5.701665382462022, -5.72326112315285, -5.82139217630255]"
47,"[-5.426037554210986, -5.446155911824669, -5.46660706638452, -5.490015971056189, -5.510356966919269, -5.533693014225926, -5.554467516533102, -5.580950918189253, -5.602112357086505, -5.625914557418789]","[-5.450426659462073, -5.470973580059626, -5.495444307950356, -5.516613026064851, -5.539354448122003, -5.560701505196311, -5.5869550862433695, -5.608670012009361, -5.633139326152422, -5.655343484980085]","[-5.470783210366105, -5.49478862528417, -5.514617077081536, -5.537286981015538, -5.557788406505321, -5.582293271093701, -5.602393719374274, -5.6256061056694735, -5.647013145505523, -5.741703520535563]"
48,"[-5.352697184584869, -5.372683925829662, -5.393245335943831, -5.416211473099722, -5.437030900545253, -5.458490664414896, -5.479150632671846, -5.504076781026853, -5.5248269385619295, -5.548189884327186]","[-5.375869161491513, -5.396448728670597, -5.419826782350659, -5.4420371530998946, -5.46327596068871, -5.484187443782806, -5.510278445710659, -5.53179615460825, -5.555545036723137, -5.579453128432155]","[-5.396224548182727, -5.419567025340439, -5.440775665528418, -5.461564156300665, -5.481595332808138, -5.506775858885885, -5.524440859518291, -5.547536016515733, -5.5677491846301566, -5.653102126977683]"
49,"[-5.2792458000298, -5.298048142966197, -5.31778650048034, -5.340357224148081, -5.36063187445359, -5.380529955651925, -5.400235336896346, -5.422092723351286, -5.443748143192694, -5.466114836436079]","[-5.301618345329192, -5.320623517283824, -5.342617308968332, -5.36345080311003, -5.383285869160321, -5.402596267187622, -5.423625994721082, -5.444999872022894, -5.46689740220609, -5.48902588921192]","[-5.322307037371886, -5.3445432690863734, -5.36465093884219, -5.384088946688665, -5.4033715615009195, -5.423999671075237, -5.444643119532359, -5.466375531811011, -5.487061681408179, -5.564407224017871]"
50,"[-5.206314365105666, -5.2247207078206905, -5.24400375104133, -5.266487122239507, -5.286242023767866, -5.305392955156005, -5.324470328824557, -5.346368238987363, -5.366423385875262, -5.387479138286746]","[-5.22785611297389, -5.246303672300777, -5.268084146412215, -5.2887922603209825, -5.308087427498898, -5.326373061495027, -5.348136151539287, -5.368312104003629, -5.390298050226769, -5.410326686086258]","[-5.248573329725273, -5.27069254448355, -5.290754827165015, -5.309907176026114, -5.328884708189376, -5.350031780504592, -5.36979434681774, -5.390901927330502, -5.410501845606573, -5.4774766494119245]"
51,"[-5.133531861340548, -5.1516385417039645, -5.170148326417352, -5.192089271133686, -5.211192209606911, -5.230138408353473, -5.248728223478342, -5.271385098209525, -5.290306218301798, -5.3114346585775865]","[-5.1544202140656346, -5.172483690374815, -5.193697618612372, -5.2131067386952274, -5.231869256415688, -5.250121882477128, -5.273394771212065, -5.291560011276328, -5.312824389257752, -5.333343589970195]","[-5.175010132387868, -5.1964178371882355, -5.215473041654221, -5.233900944486848, -5.252421402156941, -5.2750244781082785, -5.292970631987444, -5.313600425392977, -5.33353212174832, -5.393579167098395]"
52,"[-5.060639632099677, -5.07835627643149, -5.096441949882913, -5.117871157058883, -5.136239716017056, -5.154497088098336, -5.172855791801024, -5.194473331028033, -5.213020070621181, -5.233232407995868]","[-5.081359177943411, -5.099170915898028, -5.120214861001911, -5.1391075981074, -5.157234996672812, -5.175293535109701, -5.196635319035592, -5.214588528614583, -5.234345905598345, -5.254352066781464]","[-5.101967438727707, -5.123008886024445, -5.141789853245109, -5.159788850367159, -5.177706317648381, -5.198544837206692, -5.216142486453146, -5.235918815851301, -5.254971809357494, -5.313689872294754]"
53,"[-4.988363925586615, -5.005597092430268, -5.023404671098266, -5.043900870005761, -5.061867326717053, -5.079665607060466, -5.097690394367252, -5.11802699438778, -5.136639027143989, -5.156180270235215]","[-5.0093263614514285, -5.026656600047033, -5.046837186772507, -5.065454027015846, -5.083116248581689, -5.100626906711739, -5.1206286124476605, -5.138301177282017, -5.158091048110407, -5.17784476127116]","[-5.029628657222848, -5.050045516760211, -5.068213122383814, -5.085513273672324, -5.103534598321777, -5.1232949816148095, -5.1406707302193455, -5.1599177238057665, -5.1795136038671545, -5.241416342974763]"
54,"[-4.915874694761504, -4.932624568518866, -4.949951212209333, -4.969741137054433, -4.98718542354988, -5.0045176942913425, -5.022711553898324, -5.042043204706777, -5.0605614719061744, -5.079388880458344]","[-4.937473879642728, -4.95426087405527, -4.9741062852367195, -4.9921184084191355, -5.00905615601683, -5.026765690632108, -5.045875368155483, -5.063646817095521, -5.081691083945278, -5.101362173892501]","[-4.958069286934969, -4.977532164819476, -4.995241490818498, -5.012376287646529, -5.030640000171897, -5.04886158338928, -5.066015490956542, -5.084547767110107, -5.10307834266865, -5.172199576787588]"
55,"[-4.842936962943964, -4.859086124327473, -4.876297269117527, -4.8945635427799745, -4.9112646953281685, -4.92837996232181, -4.9469883983102365, -4.965010466155104, -4.983566073801808, -5.001715023171596]","[-4.864961196302031, -4.881030047877286, -4.8986961977617485, -4.916029047785853, -4.932315905212019, -4.949860387115334, -4.967344886256908, -4.984700866608475, -5.001952635689233, -5.020760385884498]","[-4.885434554239881, -4.904029378017556, -4.921109631007683, -4.937530600747239, -4.955609797781479, -4.972955529859435, -4.990204175284278, -5.007880728041899, -5.025822283050191, -5.100885452052724]"
56,"[-4.770238096263251, -4.7859679520092815, -4.8021232712976545, -4.8204658463559955, -4.836613705750546, -4.853252435471854, -4.87168906665965, -4.8889428231827825, -4.907196060191831, -4.925055675577363]","[-4.792182297823758, -4.807567807292373, -4.823580457275541, -4.839957775926025, -4.855723780026467, -4.873284148430259, -4.889764378225238, -4.906753030052216, -4.923695717384846, -4.940833099564345]","[-4.812693196877796, -4.8299746378957815, -4.846330914244015, -4.862421085655648, -4.880077067360241, -4.897316570922691, -4.914135446369607, -4.93084157590564, -4.947365976467688, -5.0261436771303005]"
57,"[-4.699315237340673, -4.71456310105805, -4.730634396423741, -4.748348531772538, -4.763952021946355, -4.780019225080653, -4.798050729085847, -4.814414932851835, -4.832747766276046, -4.8500668886054]","[-4.721147351061848, -4.73632519236013, -4.75325071541771, -4.769318158833233, -4.78465866586372, -4.802487717104999, -4.8184548608045255, -4.835200318230239, -4.85195142505869, -4.869403886703697]","[-4.741312403614695, -4.758913791189964, -4.774833737324054, -4.790380834053333, -4.807997065047796, -4.823780723298962, -4.840424154336627, -4.857354296754177, -4.874190256382401, -4.957770124460633]"
58,"[-4.6305468894618755, -4.645410542570353, -4.661135590829254, -4.678724550836087, -4.694146596089304, -4.709981868237556, -4.728215553060473, -4.7442742141041165, -4.761932341575921, -4.7791162507686025]","[-4.651754617503236, -4.66645372826452, -4.683248815870235, -4.699399724414895, -4.714766410922954, -4.730646531841109, -4.74681636299784, -4.762130914999495, -4.778669356180678, -4.796518853677759]","[-4.6719103368562855, -4.68911257261459, -4.70518990108792, -4.720967785139123, -4.738402037565152, -4.752800877821187, -4.7676007679295935, -4.783016724195818, -4.801540210526923, -4.888897239845733]"
59,"[-4.562381239828341, -4.577172000181549, -4.592410774190598, -4.60946007560628, -4.6249899437992505, -4.640672140043848, -4.6583771093158655, -4.674380850267284, -4.691577520441883, -4.708038009923571]","[-4.582855415882502, -4.597282293604646, -4.612710387797986, -4.628699384050403, -4.643971517102752, -4.66136732080761, -4.677337701784406, -4.693435836004053, -4.709669192673598, -4.727981460632716]","[-4.602634393743024, -4.619977736047254, -4.635972215926991, -4.651097962765739, -4.668738983704493, -4.68355060475205, -4.698311654052482, -4.714414012751327, -4.730575536510692, -4.820379463157401]"
60,"[-4.4940281079049065, -4.508449596994634, -4.523818860472257, -4.541022662715132, -4.556553196803744, -4.571776711092408, -4.58952012349766, -4.605843917177136, -4.622550272093232, -4.638868001000102]","[-4.513553029735035, -4.527828735176867, -4.5444100171964825, -4.560512694407648, -4.57548726710344, -4.591847015422231, -4.607382942799872, -4.622823820326871, -4.637190314818567, -4.653291321237034]","[-4.532995121383661, -4.549803482198709, -4.565647583284968, -4.580664497630292, -4.597575210796291, -4.611756885254377, -4.626779531890148, -4.642572982066864, -4.6570045089513, -4.748980719426268]"
61,"[-4.423610316269557, -4.437642205186646, -4.452932834305327, -4.470099689119022, -4.485960293241303, -4.501475610450368, -4.518861700460772, -4.534836574137668, -4.551753475010853, -4.568212576821904]","[-4.442570889097836, -4.456901307878282, -4.473449505594757, -4.489693689820554, -4.505138746191945, -4.522074748491135, -4.537914647449937, -4.553073766370502, -4.568549287234631, -4.586351225813117]","[-4.461950150294505, -4.479510475857459, -4.495886419875823, -4.511079988418422, -4.528368738455973, -4.543589117912851, -4.557967777340017, -4.572798879793189, -4.588523764139317, -4.682319786375664]"
62,"[-4.349183738596143, -4.363072114429774, -4.3777028847405335, -4.394092392540874, -4.409168266124429, -4.423813802554609, -4.441066484331491, -4.456202682472171, -4.472123366213741, -4.487828182421031]","[-4.368312085355923, -4.3821428980038615, -4.398312665830657, -4.414147159393236, -4.42901525304775, -4.445275396417186, -4.460395967896387, -4.475156127783761, -4.490438735421106, -4.507175235386297]","[-4.387005484129402, -4.403141111533257, -4.418724686305138, -4.433229657287809, -4.449269833440992, -4.4631223533555, -4.477940221714887, -4.491809551070544, -4.50805696512303, -4.597436998437258]"
63,"[-4.271407452874889, -4.285138468721022, -4.299304829442014, -4.314938354768862, -4.329701103732993, -4.344545807221045, -4.362151590638866, -4.377001181707789, -4.392847480715324, -4.408580873624493]","[-4.289982228008876, -4.303675411669383, -4.319333186773429, -4.334852108200858, -4.349504957375894, -4.3656522002349, -4.379364955639312, -4.393528105160067, -4.408195879710684, -4.426716713635097]","[-4.3092057482633646, -4.3251314797732885, -4.340328813653057, -4.354457812506324, -4.371181829023724, -4.383667149703568, -4.396758720401293, -4.410179749253755, -4.425606185692912, -4.514023648697501]"
64,"[-4.190821971589426, -4.204317225919763, -4.218125989505748, -4.232824087919394, -4.24707471563826, -4.261341608905892, -4.280179375627736, -4.2942213759140175, -4.310100559921662, -4.326039452882211]","[-4.209651029805216, -4.222764432566735, -4.237358219126734, -4.252012192408118, -4.266334761070582, -4.2851642632359, -4.298881160231802, -4.313455982270214, -4.328551437842223, -4.344264719771716]","[-4.229386806996339, -4.243990153582566, -4.258560734377974, -4.272224311293834, -4.289931178601258, -4.303881590762907, -4.317275101827257, -4.332231884399229, -4.346593159759217, -4.424981522882157]"
65,"[-4.1101052107378155, -4.12315053009384, -4.1358602296649725, -4.14980957080566, -4.163506663227013, -4.1774666922255665, -4.197228044094077, -4.210610592560402, -4.226393442423573, -4.2426052948548705]","[-4.129052901923855, -4.141372429490288, -4.154763798512717, -4.16835878445228, -4.181690859891673, -4.197064820960363, -4.210010555856129, -4.224069888986846, -4.239502811156412, -4.254479025773903]","[-4.1488407053277045, -4.163256363406792, -4.177121590286508, -4.190708367548898, -4.209033508248642, -4.219958140909687, -4.234519591949895, -4.250537062458709, -4.265785085432246, -4.3357290052101165]"
66,"[-4.0298007881800935, -4.042588464596431, -4.054919144750695, -4.068241744914214, -4.081569848262827, -4.09498160579906, -4.114245627687435, -4.127124407940666, -4.142990639113943, -4.159853735619347]","[-4.049140017582596, -4.061067690244437, -4.0740623670728215, -4.086959890192867, -4.100136484122396, -4.116939394837738, -4.129355129888774, -4.1436183556081065, -4.158931722036124, -4.174893503180266]","[-4.06860839603387, -4.082155240046905, -4.095483514758872, -4.108836935180353, -4.128024560677932, -4.138873726408111, -4.152509671914505, -4.167587461228596, -4.183623735140191, -4.248829830716478]"
67,"[-3.9470531950287637, -3.9593147328637657, -3.9708392844118294, -3.983668551831704, -3.9961717613555607, -4.009239262021344, -4.029285231656592, -4.04167087474392, -4.0571147557862215, -4.073483899287146]","[-3.9664481881193305, -3.977719909802773, -3.990196360566416, -4.002488568716445, -4.015193207480707, -4.032503461756506, -4.044430556998351, -4.0582275505296375, -4.0729946515641595, -4.088753661432066]","[-3.9855025034730236, -3.9978658162389795, -4.010370623912374, -4.022947419095496, -4.041980897668461, -4.052397094327668, -4.065925474870662, -4.0799357356836, -4.094360302794437, -4.155307169664363]"
68,"[-3.8625640249524933, -3.874685623188756, -3.8861713926021677, -3.898767408420585, -3.911144540150903, -3.923755634081803, -3.942553301778875, -3.954428080906413, -3.96939033127322, -3.9849624861676913]","[-3.8812966569546528, -3.8923120712149806, -3.904559653181202, -3.9163612908903427, -3.92853065759278, -3.945103546533353, -3.9562357616830535, -3.969309746216602, -3.9835169938612647, -3.997725534181661]","[-3.899721569151683, -3.9120267133722737, -3.923977421366675, -3.9360019795159533, -3.9557237650762036, -3.965742077448471, -3.978858370103939, -3.993536335186167, -4.006861835488184, -4.0657549609924395]"
69,"[-3.7772383480272396, -3.788847725366722, -3.7998095140732033, -3.812280728010009, -3.8241546531147463, -3.8360817716396554, -3.853630958584617, -3.864466193591724, -3.8784042266137106, -3.892632784781526]","[-3.794395699218512, -3.805096183956266, -3.8170210049083835, -3.82836944428891, -3.8397439327618486, -3.8562497981420165, -3.8665532498216635, -3.878796783328653, -3.8918672623640305, -3.904508056171835]","[-3.8120470819334145, -3.8242013081247563, -3.8358661755258794, -3.847178520568704, -3.8645126614058967, -3.874050392703211, -3.886034911432361, -3.8988749002377148, -3.9115871805037017, -3.9700321610356326]"
70,"[-3.69369878779861, -3.7053530157706405, -3.7161296854889656, -3.7287206879979635, -3.7404043858102227, -3.752056021911528, -3.7693170557892586, -3.7798034592694307, -3.7926029690704013, -3.805875583288696]","[-3.7087153113908387, -3.7188169734082437, -3.7306668759784913, -3.7418906103349543, -3.752968853478811, -3.767740249773047, -3.777473389310322, -3.789362657954476, -3.8014917989722705, -3.8136193250767207]","[-3.7255910151329044, -3.738415796371937, -3.750082507791758, -3.7611669200163487, -3.778698266546071, -3.7879291503381136, -3.799512689064086, -3.813241254600525, -3.8246772336464527, -3.883039404700339]"
71,"[-3.610655888176237, -3.6217168944018825, -3.6319814847844585, -3.644152458018337, -3.655224508798395, -3.665954409359668, -3.6818233395057662, -3.6912527980345233, -3.7033201709452017, -3.715519674314831]","[-3.6236059083357914, -3.6332763130531176, -3.6445385128945573, -3.655109037154959, -3.6654086340904697, -3.6773382401779755, -3.6860108286828264, -3.696078298123227, -3.707400860706018, -3.719177915224479]","[-3.6399231641528416, -3.6520860190478373, -3.663316048213582, -3.6740486999017405, -3.690201439426582, -3.6984088686269927, -3.708814747163396, -3.7213264447611976, -3.7328789695141125, -3.7906782641050625]"
72,"[-3.526417560315971, -3.537141840345506, -3.5473675778129143, -3.5592630444088025, -3.5702383577817125, -3.580771464295034, -3.595850514619891, -3.604605336114113, -3.615902026555781, -3.6279760416590614]","[-3.5375607336819823, -3.547005279636448, -3.5581096398592647, -3.568422121642595, -3.5785866963625605, -3.591443219868904, -3.5997856740788277, -3.609467568522757, -3.619924141740864, -3.6314661164716537]","[-3.5533511999835454, -3.56571639681507, -3.576591708495208, -3.5872486473833405, -3.60300420018185, -3.610622599053123, -3.6202663055462025, -3.6313608039942764, -3.6429194754761838, -3.698962858210244]"
73,"[-3.440171261424976, -3.4498119886171397, -3.45922279368605, -3.470142156923967, -3.48036592464413, -3.490354061233657, -3.5045473157566365, -3.5124615292203005, -3.5229313179057415, -3.5342756408404883]","[-3.449965028079145, -3.4589405665042925, -3.4693357720839906, -3.4790127063038874, -3.4883913872632313, -3.5016544414552975, -3.5092446263748336, -3.518540659906261, -3.529052241692238, -3.5397350899743962]","[-3.4653248517945365, -3.4758883305996613, -3.4857736016794996, -3.4952451029032425, -3.509681221207972, -3.516710690798606, -3.5264791367746846, -3.5378798773683564, -3.5489682039417283, -3.600258175859596]"
74,"[-3.3537985881029875, -3.363340596964887, -3.372671755327216, -3.383333456998995, -3.3934161600827486, -3.403206876775554, -3.4179911635055453, -3.4253498658708543, -3.4357196984983296, -3.4465147180653424]","[-3.3624561044575927, -3.371358805075502, -3.3814318866657374, -3.3911104842277524, -3.4004722234981415, -3.413728958666539, -3.420621277969545, -3.4291271755660233, -3.4390006458575186, -3.4494327606821713]","[-3.3774435626809383, -3.3881675782148624, -3.39825878706769, -3.408002012828448, -3.4236737242435002, -3.4299942636397565, -3.4385336199310506, -3.448053610464641, -3.458585979370483, -3.504067229060539]"
75,"[-3.2679974084624446, -3.2773165956043995, -3.2862427869716084, -3.296045855795721, -3.3059535959639943, -3.3155677618363297, -3.3315888477393782, -3.3385391251088476, -3.348684663595388, -3.3594015228466487]","[-3.2755438987659544, -3.284139748153302, -3.293145840478155, -3.3025796641158194, -3.3114107013242573, -3.3237802111106247, -3.3303557009930045, -3.3386030746186406, -3.347967626483205, -3.3581019108677537]","[-3.2908203585458353, -3.3004236344633058, -3.30996202048039, -3.3195724927273944, -3.333657687754686, -3.3395004372497454, -3.3478268801619664, -3.3573604782496944, -3.3685509140988246, -3.408570508231725]"
76,"[-3.183486407214462, -3.192245328390657, -3.20070831157422, -3.2095067580804817, -3.2188006905481807, -3.2277666372821323, -3.2422759528846137, -3.2485474404521875, -3.258253037986963, -3.268442846892088]","[-3.1902540528205003, -3.198473707492348, -3.2067207458418574, -3.215456340181526, -3.2244059803885188, -3.236200357506868, -3.242071801050451, -3.249911037458923, -3.258440112880316, -3.268301647341695]","[-3.205401797806967, -3.2138787582797295, -3.2236786270794755, -3.2332210131270176, -3.2491364442092663, -3.2546311486793047, -3.262768138228107, -3.27214246711706, -3.2818358037901407, -3.316716635627795]"
77,"[-3.0987526488389134, -3.106901022874868, -3.1151309397901654, -3.123158120819485, -3.1321595379050136, -3.1407327440466046, -3.15565125671134, -3.161373139628327, -3.1709115228514433, -3.1806424924071193]","[-3.1043792470328815, -3.111938763965697, -3.1195168379664726, -3.127488059547574, -3.135594803464443, -3.1477967869460888, -3.1532069105625458, -3.1606911705777354, -3.1693813396588273, -3.1781787561223216]","[-3.119510793356884, -3.1279890791016705, -3.1377013868155963, -3.1468058249416835, -3.1622318618434555, -3.1676004563893265, -3.1757593683402128, -3.186167206379313, -3.1957102043057866, -3.2254846112306303]"
78,"[-3.013912155683727, -3.0215859859433185, -3.029550635181011, -3.037044359761865, -3.0457271015454244, -3.0541218830455255, -3.068152707460911, -3.07356547603348, -3.0827367747385215, -3.0919562945325088]","[-3.0181113353436455, -3.0258421108564004, -3.0333153831278548, -3.042005008316563, -3.050474572225438, -3.0634110311483607, -3.0685773140256867, -3.0764205644344553, -3.085478657155262, -3.0948018936877713]","[-3.0329456442970923, -3.0402143287476293, -3.0493372061293713, -3.058339806925892, -3.0712238174867026, -3.0765218396674983, -3.0843396128159157, -3.094015241321563, -3.1057118072178356, -3.130693825614094]"
79,"[-2.9284882504681082, -2.9353633351812096, -2.942786418944779, -2.949269219879243, -2.9575343258866997, -2.9652952604183884, -2.9784387514183255, -2.983886878118101, -2.992585138529721, -3.0014176956566008]","[-2.931160568546049, -2.938317559014551, -2.9447835034760756, -2.9527029109257383, -2.960604943621449, -2.9725566369551344, -2.97791581722676, -2.986274029414646, -2.994944755274348, -3.0043118617567344]","[-2.946285810725536, -2.953325848964747, -2.961862553780671, -2.9706428711616955, -2.9830630085745415, -2.9885851991677246, -2.997891737086471, -3.0080348625162205, -3.0183279997983536, -3.0404312218853793]"
80,"[-2.852890099498516, -2.8599653920224664, -2.867513095594084, -2.874143750972187, -2.8824753906643745, -2.8894018755360302, -2.9022610421358404, -2.9076788878134248, -2.916455801210439, -2.9225036777621862]","[-2.8529090787543385, -2.8601577178834408, -2.8670937641783087, -2.8755907005889743, -2.8839475558398693, -2.894086323611292, -2.9006602279169886, -2.9091535638345807, -2.916076205137971, -2.922680744834098]","[-2.869847815744466, -2.8765534439868095, -2.8847238959557178, -2.8935249063930275, -2.9039686441234114, -2.9092266594803693, -2.9189930937996866, -2.9267841379902126, -2.9284086479152354, -2.926550867878719]"
81,"[-2.7754670850779464, -2.7825144705209484, -2.7896455432135214, -2.796380332096999, -2.8041620970550527, -2.8113958163965096, -2.821666334647273, -2.8274596867929747, -2.834772899172788, -2.8356775180516367]","[-2.781432959508771, -2.788684455935532, -2.795876207087809, -2.803962235596651, -2.811825336214775, -2.8193708157880844, -2.825679186989242, -2.8294062316666038, -2.82997114644541, -2.845299043368237]","[-2.796140574929706, -2.8029919267496384, -2.810824626204959, -2.818099685092858, -2.827699548644415, -2.8381857202252663, -2.8383681718473612, -2.839196890497516, -2.8611166178229555, -2.8369099366459354]"
82,"[-2.707399997606425, -2.714273338883667, -2.721372354521899, -2.7280791217717515, -2.7356856891210364, -2.7435637914831923, -2.752350792035012, -2.761189776218979, -2.7692159374500798, -2.7753103181976067]","[-2.7077511143908537, -2.7147747697346545, -2.7214229116254187, -2.7290158257857597, -2.7364778425582386, -2.74633107614151, -2.7533994577862955, -2.758607894651655, -2.7622243610714263, -2.772814287575025]","[-2.7200705229028976, -2.726534201456598, -2.733776339488468, -2.7410935635402716, -2.7494382156714714, -2.762154453127078, -2.7616545829646206, -2.7599455157019115, -2.7713850430868483, -2.716997659923873]"
83,"[-2.6367555158534546, -2.6434977138736744, -2.6503035053932567, -2.6568088936941225, -2.664054376105358, -2.672619387539615, -2.6807195647010107, -2.690903452257206, -2.6999517297693987, -2.7060386548140545]","[-2.638378698927742, -2.645461745177787, -2.652251738206875, -2.659756710836124, -2.667259795208853, -2.675560504747015, -2.6835472039779837, -2.688667186619174, -2.6912353384209986, -2.7062735418690558]","[-2.6463609507985755, -2.6525852631524547, -2.65953948560435, -2.6666532156736, -2.6736101529308005, -2.6845182751052423, -2.6840808296614203, -2.6858034630344125, -2.701990676395676, -2.62757327156522]"
84,"[-2.565299245162356, -2.572625371260989, -2.5800512811229113, -2.5873309286371353, -2.594893128710288, -2.602910904312927, -2.6077933484748486, -2.618817556282926, -2.6287903949678424, -2.6354728141859654]","[-2.5664415781965535, -2.5732247013246696, -2.5799147285169046, -2.5870621966777425, -2.5941832152774613, -2.6026687411239426, -2.6073558622619193, -2.612426813563524, -2.6190370217545014, -2.625694010278402]","[-2.5765225587811913, -2.5821467576016333, -2.588619469052985, -2.5950217301425185, -2.600357514659747, -2.6122936660823073, -2.6093409027372148, -2.614962163234934, -2.6266475942385044, -2.530343587363943]"
85,"[-2.4947011305952547, -2.5020585179330883, -2.509613615274626, -2.516975465510237, -2.5250646018425105, -2.5339538951406357, -2.5405912793243406, -2.5547043991277096, -2.5634000946769593, -2.56993203591575]","[-2.499073704589936, -2.506310669124904, -2.5134078779973414, -2.5207681948103335, -2.528475270957532, -2.5350566020951, -2.547276685830983, -2.5513205596961406, -2.5501948277250257, -2.555927318871799]","[-2.505355578183828, -2.5109900755693, -2.517155321117191, -2.523690025124399, -2.5281458611485346, -2.5422237369117124, -2.5386683629245295, -2.5318807261415555, -2.548435204697473, -2.446125053835733]"
86,"[-2.422944355972521, -2.430409300357513, -2.438114433765821, -2.4458496316638216, -2.4537707546096668, -2.463501186792217, -2.4679614535835013, -2.4823945506777987, -2.492201792758368, -2.4991196098108217]","[-2.4278839566802333, -2.435190056549544, -2.4424357345385204, -2.4496929390413413, -2.4569370659125696, -2.463807395292605, -2.4725702811090002, -2.4764180726894836, -2.472757518157522, -2.4745624501781265]","[-2.434049195434567, -2.43922094657239, -2.444871838029143, -2.450589921615687, -2.4539632965453384, -2.471567938161683, -2.46756047062729, -2.4657725210410026, -2.471246140833613, -2.36062319093537]"
87,"[-2.3545138019369483, -2.3627774597378015, -2.3712844730587244, -2.3795871430309057, -2.3876540961907744, -2.3966414838330388, -2.4018266045720815, -2.419087578845167, -2.4282803491921663, -2.43845513865813]","[-2.356827201116366, -2.3646102806362337, -2.3725009912434047, -2.3799661097857183, -2.388058588634712, -2.3936775934691554, -2.409018649048639, -2.414943182635588, -2.409960139803124, -2.4167091886322027]","[-2.35994663988096, -2.364741966266607, -2.369688598111694, -2.3750488335717965, -2.377971843954598, -2.3954572390284885, -2.3942586113917206, -2.379451662789521, -2.3749216357464467, -2.251606971978632]"
88,"[-2.282489969152578, -2.2894372853819216, -2.2969757506992603, -2.3044553159173513, -2.3115548260878707, -2.3230271872501755, -2.324410569262312, -2.3414185572085837, -2.3530626654295186, -2.3570771216085116]","[-2.2827225553475428, -2.2889362771667647, -2.295298755881201, -2.3020221300095427, -2.308717190068971, -2.318892134134482, -2.3263950909160185, -2.325465871034946, -2.3254551056390182, -2.3317758201239185]","[-2.289285604646339, -2.2934269199985104, -2.2978871011081177, -2.302671006219371, -2.303691806774496, -2.3287310307285773, -2.312402863558291, -2.3118661210545364, -2.327449151934034, -2.17707982069338]"
89,"[-2.2075507633785056, -2.2152064528713273, -2.223190718556409, -2.2311680458883094, -2.23925986163563, -2.251022276694541, -2.254792056505223, -2.273226512123485, -2.280797333449711, -2.2870114855399626]","[-2.2099837776141067, -2.2168570346066554, -2.2229666271114548, -2.22972345201837, -2.236608801768889, -2.239497192097624, -2.256996180755814, -2.2509205242486496, -2.242574303770234, -2.25183780247884]","[-2.2153435687556913, -2.2207865103170326, -2.2261405911319008, -2.231959512273227, -2.2324204689263416, -2.2584256383030725, -2.250061811171384, -2.234782023578794, -2.2624288091807676, -2.08823612727216]"
90,"[-2.1326944723956847, -2.141047221445348, -2.14989135118654, -2.1588186489649677, -2.1672428490825557, -2.1789092038058304, -2.184388175909277, -2.203228613664266, -2.2154777472138965, -2.2205816352040135]","[-2.1324612422639557, -2.1391964874954947, -2.1449426867792436, -2.15115813573618, -2.1571636869365403, -2.160800809858186, -2.180701744628889, -2.1794236806480267, -2.182394560545502, -2.188161386295972]","[-2.14129488479107, -2.1461695226071713, -2.1513734113587377, -2.1572175801894007, -2.1558121729804514, -2.1836264345957277, -2.181376492434585, -2.17199708411231, -2.1988979138596294, -1.997565508650088]"
91,"[-2.0590892041610696, -2.069218501313231, -2.079920483617685, -2.0907840401442863, -2.100823042778871, -2.1134989455850937, -2.1152801906965815, -2.1387807505481087, -2.150361114395424, -2.1595264796443425]","[-2.056171377750611, -2.0655967244902014, -2.075310291352248, -2.084773987161493, -2.094370456042266, -2.0969686099351703, -2.1080580941425024, -2.109835251562795, -2.1052211144497006, -2.1084533739858626]","[-2.062332183594037, -2.067254427826185, -2.0723998425585815, -2.077609703881819, -2.0744619022646584, -2.100492278818194, -2.0915119198674, -2.0957078819686212, -2.1172371839696207, -1.8945199584180155]"
92,"[-1.9760607892662523, -1.9851603453994033, -1.9952117420748112, -2.004752813094878, -2.014092161507928, -2.0246675025686858, -2.027977428353974, -2.049280048302957, -2.060278494797298, -2.0679113859791545]","[-1.9770990202504115, -1.985236983962627, -1.993356076285513, -2.0014372237327414, -2.0090982189702706, -2.008206276264777, -2.0210426822721863, -2.0218426091431545, -2.021386747348392, -2.013058047841573]","[-1.9819363262201086, -1.9880199762689308, -1.9936907342331842, -1.9996057934755818, -1.9980546394059793, -2.0205750791052717, -2.0186926171578827, -2.022393542427978, -2.031261547554693, -1.811838938940725]"
93,"[-1.893930419938512, -1.9062936991768553, -1.9189676042961552, -1.9307307504432871, -1.9426613027545288, -1.9536154890748336, -1.9566298831569626, -1.9850659143495037, -1.9978399943875744, -2.008003470146902]","[-1.8937138855696911, -1.9032326439635152, -1.912130369456231, -1.9204926403478975, -1.9290156603099102, -1.9201031053678388, -1.9468251584337348, -1.9565510336549277, -1.9485744010896677, -1.948832637718392]","[-1.8963339309501752, -1.9005021005231246, -1.9041690418324724, -1.90794737141722, -1.9033248305148736, -1.9294958796180144, -1.9372349439016834, -1.9294161649248853, -1.9214350983328476, -1.6672868534750596]"
94,"[-1.8078118966303038, -1.818912546463983, -1.830625704803245, -1.8418483821085858, -1.852648335822599, -1.8684905779889989, -1.867190356330687, -1.8955345628426614, -1.9112221309558692, -1.918510424868876]","[-1.8046372406892985, -1.8122419845089823, -1.8196620042212814, -1.8263716152646154, -1.8337248977982015, -1.838625972602567, -1.8611707645245403, -1.8659907397591085, -1.851959855739078, -1.8497980888709933]","[-1.8103861064985518, -1.8157851883545642, -1.8212118024341886, -1.826325213197631, -1.823736191388232, -1.859516211446387, -1.846854431215686, -1.8339689873494331, -1.8275063309222583, -1.5714376542121296]"
95,"[-1.7141761969245926, -1.7254888362653509, -1.737000679916884, -1.7485225781269327, -1.759588793239738, -1.773305396869029, -1.777019587432216, -1.8061221829552159, -1.8170216484863266, -1.8172976644122463]","[-1.7124617927950947, -1.7209270716888039, -1.7288866834026901, -1.7361118504089443, -1.7442301743907063, -1.7460895984443976, -1.7736217345121457, -1.7702063965155883, -1.736331445212583, -1.7504419060900016]","[-1.7181308085712006, -1.7248269582780411, -1.7308364294151177, -1.738658244503509, -1.7361147878839036, -1.769723358578827, -1.7459600409640332, -1.718743725694563, -1.7587459227217694, -1.4857733687533399]"
96,"[-1.612163522988801, -1.622320847362523, -1.63383164700145, -1.6441965501385378, -1.6547707764061736, -1.6655028245973038, -1.664883042695244, -1.6961380383095341, -1.7071241224280196, -1.7161126667729216]","[-1.6149773721005103, -1.6242786685358068, -1.6325443324054858, -1.6411114011313102, -1.6495084522645256, -1.6472314325980177, -1.6711347540728083, -1.6665445198192528, -1.6505040735825232, -1.657127995498412]","[-1.6157947078444748, -1.6239489752896814, -1.6318899428569464, -1.641110646361926, -1.6376306175351827, -1.6618341955453841, -1.6447003114134757, -1.6281754600913017, -1.6667218434721915, -1.357271783343026]"
97,"[-1.511587509851928, -1.5266347257085398, -1.5423459196128204, -1.5582938799299553, -1.5731491017751649, -1.5852872579954818, -1.5830078692771747, -1.619886563126023, -1.6326835108585909, -1.6390019450001672]","[-1.506469037758994, -1.5170199390527486, -1.5270164771032213, -1.536807429420638, -1.5478178070884823, -1.5470701852141573, -1.5772306532858564, -1.571481433722998, -1.549763900253798, -1.567265263784553]","[-1.5150301123084668, -1.5214282550895755, -1.5267161915125493, -1.534604326081479, -1.5283475669147615, -1.5512249210896139, -1.5445283928001468, -1.5139491033787076, -1.564557961844856, -1.2197414261335675]"
98,"[-1.3969764151752257, -1.409425412412014, -1.4232187672660017, -1.4365107176035905, -1.4486337752223277, -1.464696135479238, -1.4652774349578919, -1.5041445583828987, -1.5236887202390732, -1.5389712105297746]","[-1.3929607596034417, -1.4038994105318794, -1.4134294220963726, -1.423221681990684, -1.4342162569770822, -1.4341422594113042, -1.466499426863878, -1.458449446126609, -1.4473775760231307, -1.4587553064299514]","[-1.3955797591034451, -1.403361729883788, -1.4102628627579787, -1.4183986117851117, -1.4140190385069826, -1.4470346361186484, -1.4296648833688477, -1.3938384946223477, -1.4337110105689743, -1.0605454031165817]"
99,"[-1.2757029018351584, -1.2902041726732403, -1.3053076851168424, -1.3200361791053563, -1.3338836475262195, -1.3407218774767369, -1.341082193084132, -1.3865036481396071, -1.4016134581864588, -1.412129251413118]","[-1.2684861375891998, -1.2806901364528969, -1.2925677505263522, -1.303693852474673, -1.3146407539897993, -1.3138468417164333, -1.352277130150462, -1.3574842757370718, -1.340511163958574, -1.31921302553382]","[-1.2796749456489078, -1.290297442365586, -1.299876542080342, -1.3097262953111521, -1.3068507709709547, -1.3593024858442686, -1.3423107345757626, -1.310332175826802, -1.3072540927847467, -0.9259487260302148]"
100,"[-1.1391627390285914, -1.152366791141588, -1.166056189907152, -1.1818474160855597, -1.195098003593642, -1.214551629719693, -1.2157020403420513, -1.254387641546685, -1.2721380332833117, -1.2835094409411734]","[-1.1321669470529225, -1.1449896002198723, -1.1568908689554003, -1.1681175015877154, -1.1813222819949654, -1.1870602358142999, -1.2189211089174417, -1.206757332013097, -1.1754701275388864, -1.189127531648722]","[-1.1380398524031718, -1.1421749730632385, -1.146808900315382, -1.1550102302842518, -1.142776403021135, -1.2121117891781708, -1.145693223368444, -1.0917961666398426, -1.1859410846643825, -0.709577485363998]"
101,"[-0.9872089426450634, -1.0038418180726671, -1.0244252763174677, -1.0446936532341147, -1.0609972241752053, -1.0827505688600445, -1.083119621029889, -1.131260470948016, -1.1554215098682994, -1.1637171306599134]","[-0.9776905655375157, -0.9928665795809064, -1.0068492965287004, -1.02119417502344, -1.036185066353384, -1.0259032008683715, -1.0628534612691436, -1.0500738864278827, -1.0232851823306117, -1.038144750658277]","[-0.9815562592368482, -0.9912537617158054, -0.9985787888538001, -1.007829781762874, -0.9983521254282355, -1.0350967647056937, -1.0171158631812691, -0.9875947517823338, -1.0087781121503472, -0.476847486711657]"
102,"[-0.8165011327057897, -0.8378987401068031, -0.8599274936407625, -0.8816418196350156, -0.9022473390489637, -0.9330285317539989, -0.9238897967427789, -0.9786961446791708, -0.9987010057359754, -1.0110338009238062]","[-0.8039525118939969, -0.8163478500493261, -0.8275962644540164, -0.8388066483013722, -0.849117612028906, -0.8576011904798838, -0.881818257766256, -0.8652657256745192, -0.8438443714104983, -0.8745216266535613]","[-0.8229627510746396, -0.831192617698518, -0.8397424523000991, -0.8488746112426198, -0.8371348245283043, -0.9209400726695931, -0.8672240315218842, -0.835960311277715, -0.8610879382332242, -0.2667846283157742]"
103,"[-0.6305842327226443, -0.6507757587630791, -0.672368560199861, -0.6946982389588399, -0.7159139758248372, -0.7476156039435906, -0.7433587729271991, -0.8060336604055507, -0.8382975428637607, -0.8420212550361199]","[-0.6234110501302929, -0.6399763916327209, -0.6536068525804729, -0.6707520727707595, -0.6841507293923349, -0.7065690961374492, -0.7546052281452865, -0.7086174172057361, -0.7100454588128776, -0.691358694870636]","[-0.6388224443590992, -0.6501381123608702, -0.6621905952862256, -0.6805601116440051, -0.6735189949332528, -0.7787265499292665, -0.7048750166951471, -0.6637502853928857, -0.7483239566146188, -0.13133666861641935]"
104,"[-0.4300034205582996, -0.45524179666909176, -0.4824854406681915, -0.5093629538235327, -0.5337304557827374, -0.5735496106711289, -0.5623717085612079, -0.6345679835570117, -0.662469191585209, -0.6651281277802845]","[-0.4135602952917755, -0.42874182835274344, -0.4442914303397477, -0.4588082812731803, -0.47501100301795607, -0.5087451793258727, -0.55159107670241, -0.5459602356893659, -0.49603947931953674, -0.5162782830191494]","[-0.43407638110374636, -0.44369325246816105, -0.4536387195826096, -0.4707674795777125, -0.46460518306275433, -0.5789011872388942, -0.5244783393122775, -0.41945389723559445, -0.4595330848373992, 0.1248226270995515]"
105,"[-0.22323037823818354, -0.24440966500125555, -0.2713383301176849, -0.2958550727941814, -0.3172737169095102, -0.3470788742431226, -0.3318657078795853, -0.39071223372749714, -0.4174338751488152, -0.4089260888301554]","[-0.21229847984265043, -0.22757505623500301, -0.2405640464077468, -0.25862984543542816, -0.27642977980773403, -0.31407896799843266, -0.3641891740063901, -0.3441542666206832, -0.3126231338630195, -0.30005074104170754]","[-0.25322910050755876, -0.27050123575037854, -0.2980591787666692, -0.3354032917589559, -0.3555237373978509, -0.4587480595976724, -0.41047594907587903, -0.27452201607531446, -0.28224971123865383, -0.0003783924215151613]"
106,"[-0.10091719502771195, -0.12413607822919186, -0.15173917362654504, -0.17643712187373933, -0.19958289439046678, -0.2308345744963914, -0.2119429233130246, -0.2740404354985982, -0.29950447293186483, -0.3032835168410271]","[-0.06316390232007454, -0.07491574407379578, -0.08421050541858624, -0.09431451902549218, -0.10961705882857989, -0.1131114276946659, -0.16261013102542113, -0.17642414447675894, -0.1585002380312557, -0.15948988491493712]","[-0.08144103144008538, -0.09794913013178727, -0.11616084878045937, -0.14175407741863152, -0.14901347472045443, -0.21276490403983614, -0.21663259658675513, -0.17463620323400816, -0.1620111227006825, 0.15046792626667896]"
107,"[-0.03352694369163263, -0.04539475186969984, -0.06235653504039991, -0.07595362297501314, -0.09001617382522571, -0.10848270605560291, -0.10097660606037724, -0.13669740517865764, -0.15464756747018443, -0.17340508771370994]","[-0.012536981413160632, -0.02170478858986981, -0.029552519591544937, -0.04060743031093962, -0.051466590063666176, -0.04588528982365615, -0.08119507021272666, -0.09213627110237367, -0.10657238475049026, -0.12382394894028194]","[-0.01751078215769146, -0.02925240823409174, -0.04482309070757244, -0.05956026182851408, -0.04853036643347357, -0.08786196650347326, -0.09857111533513878, -0.1175137545668206, -0.1418425786995015, 0.039037058899489885]"
108,"[-0.0036124774126447007, -0.005181887616600768, -0.008726430089410321, -0.011602454549830334, -0.015326156943302529, -0.01863662615531303, -0.015948351669322625, -0.02735765298010029, -0.033605721510212794, -0.04171033362970866]","[0.00032613985911717007, -0.0007316579509455961, -0.0002182125978101295, -0.002124011509858469, -0.003080096030880163, 0.0049212072693813344, -0.006493417481232832, -0.008671310665358256, -0.01563598721315379, -0.022712333528597306]","[-0.0018778940151925737, -0.004379551713496035, -0.008105679270952529, -0.011640188372835106, -0.008359671658977455, -0.020520545630856937, -0.025426452602400965, -0.034810920800223535, -0.044890551450803465, 0.0007794810504172384]"
109,"[3.5500612227679085e-08, 1.3314812719045221e-07, -6.691825736737655e-05, -0.00010591421786187993, -0.00021435888819354432, -0.00034303632318000155, -0.00023623921341453524, -0.0008613690025285337, -0.0012556109741908017, -0.0019715053659510318]","[-4.449890330326944e-06, -5.0076212719907254e-05, -5.878263724345967e-05, -0.00013466742635548368, -0.00021534643125098452, -8.011146670516833e-05, -0.0006617823102356146, -0.0010782892360662322, -0.001774708741468678, -0.002455642506138722]","[-3.4061289298170805e-05, -0.00010755543884477542, -0.00023336848938959614, -0.0003380435297370978, -0.0003685360294551911, -0.0010283499592700365, -0.0013720647417725387, -0.002164071820189184, -0.0030613869181619346, -0.00030782811667484644]"
110,"[1.747575417709868e-08, 2.394581599673984e-08, -1.416951889154916e-09, -7.167374072025723e-08, -2.5798660097109405e-07, -2.5020965299660247e-07, -2.442561282123279e-07, -7.798486336696442e-07, -1.5215705531090862e-06, -4.269447359206424e-06]","[-1.9069534840099323e-09, -8.483959090810345e-10, 8.994275657592254e-09, -6.2668464861914686e-09, -5.7893378868634215e-08, 8.944257001708422e-09, -6.353109806012114e-07, -1.2779003649709963e-06, -3.7423281450399415e-06, -7.370537387418885e-06]","[4.951536070052498e-09, -4.6451358315380276e-09, -4.461998592830696e-08, -1.0975739250795868e-07, -1.4201441977945706e-07, -8.174731132015722e-07, -1.563202152610188e-06, -3.600907296785749e-06, -8.20679492186116e-06, -2.686296678433564e-07]"
111,"[-6.843698517943278e-16, -1.0647040934325531e-14, -7.098964776793115e-14, -5.353677497121495e-13, -2.7545840968584295e-12, -2.9945122913579575e-12, -3.4988277934773088e-12, -3.2192906578508024e-12, -2.583685428377795e-12, -2.6340405977484064e-11]","[1.475845219823949e-15, 6.059213342250432e-15, 1.633085239778685e-14, 5.6575474811020694e-14, 6.481131985631376e-13, 2.8784596259754584e-13, -7.154880635072615e-13, -2.0884357175106262e-12, -1.4514504571942608e-11, -5.787910467717607e-11]","[5.030461758140457e-15, 2.2614960610829824e-14, 5.675520630858211e-14, 1.0344948655978447e-13, 5.422183808241892e-13, -1.6448116901083827e-12, -3.774560541342897e-12, -1.6489314270391297e-11, -7.597548026344142e-11, -8.703660204496366e-12]"
112,"[0.006467550992965698, 0.011417210102081299, 0.017146795988082886, 0.021848410367965698, 0.026950359344482422, 0.03233557939529419, 0.038472771644592285, 0.044493794441223145, 0.05011018132790923, 0.055978314485400915]","[9.160604719227194e-08, 1.1793931875558883e-07, 1.6820110815274347e-07, 1.917133101159152e-07, 2.2550610445648545e-07, 2.6686010379251e-07, 3.4574574492296506e-07, 4.1528975280868963e-07, 4.6291488509098144e-07, 5.24092195419712e-07]","[1.9784025806490746e-10, 2.3164512322204622e-10, 3.1723633789337846e-10, 3.468867623701577e-10, 3.957978805813056e-10, 4.596468483608618e-10, 6.348293557500995e-10, 7.664822110342584e-10, 8.437660015125914e-10, 9.578697210410603e-10]"
113,"[0.0046694278717041016, 0.00961485505104065, 0.014667391777038574, 0.021156758069992065, 0.02587789297103882, 0.030621469020843506, 0.03557279706001282, 0.04267120361328125, 0.04718648409470916, 0.05260594794526696]","[2.153974243412904e-08, 5.199640362718583e-08, 8.33581932369043e-08, 1.6687199000386954e-07, 1.903531341440612e-07, 2.173488535817114e-07, 2.4861794223340894e-07, 3.6654164681237944e-07, 3.8682512837340255e-07, 4.2293251567571133e-07]","[2.7759747625588638e-11, 7.172070749794646e-11, 1.2050734889135217e-10, 3.1476987162604164e-10, 3.4621234872023177e-10, 3.846312556649023e-10, 4.3211563320599833e-10, 7.67834558088043e-10, 7.955788493274607e-10, 8.538026639859364e-10]"
114,"[0.004770547151565552, 0.009229272603988647, 0.01364871859550476, 0.01912042498588562, 0.025053858757019043, 0.03136482834815979, 0.03800058364868164, 0.04431012272834778, 0.04931993177160621, 0.05387510731816292]","[3.099593826050295e-08, 5.2523441596008524e-08, 7.203166063618482e-08, 1.2615004507665617e-07, 1.9532060591131994e-07, 2.8440950572417023e-07, 3.733489926105449e-07, 4.582018924281783e-07, 4.930716421824854e-07, 5.149507114055041e-07]","[5.672966610359431e-11, 8.753600969080289e-11, 1.1348972629721121e-10, 2.2856516852798325e-10, 3.8193610947534484e-10, 6.175656531298701e-10, 8.371006266633119e-10, 1.0473809892302954e-09, 1.1088303417811085e-09, 1.1404173837908926e-09]"
115,"[0.005630552768707275, 0.011380225419998169, 0.016282856464385986, 0.021199166774749756, 0.026057451963424683, 0.030508726835250854, 0.035613834857940674, 0.04015910625457764, 0.04610619368031621, 0.05303826043382287]","[5.531444458029e-08, 1.151535116150626e-07, 1.472403496904917e-07, 1.822436388465576e-07, 2.1642199499183334e-07, 2.3709062446641838e-07, 2.75301893282176e-07, 2.970471655316942e-07, 3.6978173767465705e-07, 4.927868033632876e-07]","[1.206870714476338e-10, 2.58905924477304e-10, 3.188486280558678e-10, 3.865855274787222e-10, 4.588711979836013e-10, 4.910294879034716e-10, 5.66518533473559e-10, 6.012294377633065e-10, 7.937953593051272e-10, 1.1919645791225175e-09]"
116,"[0.004221916198730469, 0.009150594472885132, 0.015302777290344238, 0.02082902193069458, 0.027983397245407104, 0.03277197480201721, 0.037656962871551514, 0.04373443126678467, 0.048036003950983286, 0.05303201964125037]","[1.4700824557678516e-08, 4.739407177822841e-08, 1.2569090745984113e-07, 1.7596746193504487e-07, 3.013454845657293e-07, 3.257968712588877e-07, 3.532985841658842e-07, 4.176119814403023e-07, 4.378727664899884e-07, 4.6983816925916244e-07]","[1.8143028746031575e-11, 7.742399776855535e-11, 2.8069663260410493e-10, 3.832469480657963e-10, 7.988320699370277e-10, 8.373064880329295e-10, 8.799654060975826e-10, 1.0357527752136164e-09, 1.066145498274107e-09, 1.124080516168302e-09]"
